Iteration,Time Step,Time,Vx Vel,Vy Vel,Vz Vel,Pressure,Temp,TKE,TED,Scalar
1,1,0.003,-7.33843e-05,0.056063,0.0486655,-0.0190153,0,0,0,0
2,1,0.003,0.00801881,0.0517761,0.0759611,-0.0385103,0,0,0,0
3,1,0.003,0.0135298,0.0502541,0.10922,-0.0521522,0,0,0,0
4,2,0.006,0.0119973,0.0197449,-0.0526807,-0.154512,0,0,0,0
5,2,0.006,0.0177621,0.0174511,-0.126937,-0.199876,0,0,0,0
6,2,0.006,0.0225288,0.0165819,-0.162319,-0.216821,0,0,0,0
7,3,0.009,0.0249902,-0.00192233,-0.286137,-0.245203,0,0,0,0
8,3,0.009,0.0310287,-0.00352053,-0.355292,-0.251675,0,0,0,0
9,3,0.009,0.0357081,-0.00377348,-0.391303,-0.249366,0,0,0,0
10,4,0.012,0.0477519,-0.00420241,-0.471814,-0.230945,0,0,0,0
11,4,0.012,0.0507155,-0.0012105,-0.53167,-0.218049,0,0,0,0
12,4,0.012,0.0530688,0.00119119,-0.56866,-0.208804,0,0,0,0
13,5,0.015,0.0634054,-0.00453271,-0.640468,-0.197606,0,0,0,0
14,5,0.015,0.0658897,-0.00341117,-0.701154,-0.190471,0,0,0,0
15,5,0.015,0.0678628,-0.00207938,-0.743787,-0.185852,0,0,0,0
16,6,0.018,0.0756352,0.00694936,-0.812427,-0.182708,0,0,0,0
17,6,0.018,0.0793522,0.0116564,-0.875149,-0.181004,0,0,0,0
18,6,0.018,0.0822401,0.0154948,-0.922492,-0.17961,0,0,0,0
19,7,0.021,0.0951587,0.0199027,-0.998493,-0.179799,0,0,0,0
20,7,0.021,0.0992896,0.0239789,-1.06692,-0.180585,0,0,0,0
21,7,0.021,0.102491,0.0272698,-1.11998,-0.180954,0,0,0,0
22,8,0.024,0.101849,0.0224092,-1.20122,-0.188638,0,0,0,0
23,8,0.024,0.103667,0.0245765,-1.26842,-0.1918,0,0,0,0
24,8,0.024,0.105095,0.0263864,-1.32057,-0.193009,0,0,0,0
25,9,0.027,0.116779,0.0303188,-1.3987,-0.185743,0,0,0,0
26,9,0.027,0.120513,0.0333521,-1.46244,-0.181926,0,0,0,0
27,9,0.027,0.123196,0.0359037,-1.51208,-0.179762,0,0,0,0
28,10,0.03,0.118217,0.0342208,-1.58157,-0.170902,0,0,0,0
29,10,0.03,0.11718,0.0356892,-1.63681,-0.165886,0,0,0,0
30,10,0.03,0.116006,0.036923,-1.68001,-0.163103,0,0,0,0
31,11,0.033,0.117514,0.0363255,-1.74162,-0.152429,0,0,0,0
32,11,0.033,0.117486,0.0391064,-1.79039,-0.147879,0,0,0,0
33,11,0.033,0.117257,0.0415917,-1.82857,-0.145596,0,0,0,0
34,12,0.036,0.123957,0.0435663,-1.88131,-0.138965,0,0,0,0
35,12,0.036,0.12618,0.0468747,-1.92288,-0.135499,0,0,0,0
36,12,0.036,0.12787,0.0497736,-1.95567,-0.133879,0,0,0,0
37,13,0.039,0.130781,0.0552839,-2.00744,-0.129127,0,0,0,0
38,13,0.039,0.132705,0.0604644,-2.048,-0.127648,0,0,0,0
39,13,0.039,0.133925,0.0646775,-2.07981,-0.126874,0,0,0,0
40,14,0.042,0.138816,0.0677924,-2.12742,-0.121806,0,0,0,0
41,14,0.042,0.141645,0.0695642,-2.16511,-0.119466,0,0,0,0
42,14,0.042,0.143427,0.0711628,-2.19478,-0.118248,0,0,0,0
43,15,0.045,0.143714,0.075093,-2.23733,-0.113476,0,0,0,0
44,15,0.045,0.143785,0.0783396,-2.27068,-0.110941,0,0,0,0
45,15,0.045,0.143495,0.0810813,-2.29709,-0.109548,0,0,0,0
46,16,0.048,0.144562,0.0851935,-2.33509,-0.101458,0,0,0,0
47,16,0.048,0.145058,0.0886759,-2.36478,-0.0972827,0,0,0,0
48,16,0.048,0.145135,0.0915414,-2.38852,-0.0950473,0,0,0,0
49,17,0.051,0.143769,0.0951515,-2.42775,-0.0971494,0,0,0,0
50,17,0.051,0.142495,0.0983233,-2.45838,-0.0979893,0,0,0,0
51,17,0.051,0.141232,0.100948,-2.48234,-0.0980935,0,0,0,0
52,18,0.054,0.144597,0.105199,-2.51447,-0.0946505,0,0,0,0
53,18,0.054,0.145989,0.108523,-2.53942,-0.0931293,0,0,0,0
54,18,0.054,0.146519,0.111193,-2.55934,-0.0919995,0,0,0,0
55,19,0.057,0.149074,0.115889,-2.59188,-0.0854674,0,0,0,0
56,19,0.057,0.150042,0.118272,-2.61682,-0.0817561,0,0,0,0
57,19,0.057,0.150244,0.12018,-2.63632,-0.0794827,0,0,0,0
58,20,0.06,0.151525,0.122759,-2.66278,-0.0747852,0,0,0,0
59,20,0.06,0.151747,0.125406,-2.68323,-0.0720287,0,0,0,0
60,20,0.06,0.151403,0.127459,-2.69953,-0.0701464,0,0,0,0
61,21,0.063,0.149998,0.132535,-2.72384,-0.0683519,0,0,0,0
62,21,0.063,0.149167,0.135611,-2.74239,-0.0667444,0,0,0,0
63,21,0.063,0.148034,0.137828,-2.7571,-0.0653601,0,0,0,0
64,22,0.066,0.14779,0.140916,-2.78023,-0.0645566,0,0,0,0
65,22,0.066,0.147145,0.14328,-2.79778,-0.0633358,0,0,0,0
66,22,0.066,0.146084,0.144929,-2.8115,-0.0620701,0,0,0,0
67,23,0.069,0.144534,0.150929,-2.83149,-0.0618466,0,0,0,0
68,23,0.069,0.142865,0.154582,-2.84666,-0.0608006,0,0,0,0
69,23,0.069,0.141071,0.157143,-2.85844,-0.059546,0,0,0,0
70,24,0.072,0.138719,0.155281,-2.87433,-0.0577819,0,0,0,0
71,24,0.072,0.136904,0.154971,-2.8863,-0.0558863,0,0,0,0
72,24,0.072,0.135096,0.154655,-2.8957,-0.0541129,0,0,0,0
73,25,0.075,0.134863,0.154892,-2.90718,-0.0519536,0,0,0,0
74,25,0.075,0.133329,0.155882,-2.91584,-0.049833,0,0,0,0
75,25,0.075,0.131685,0.156377,-2.92285,-0.0479973,0,0,0,0
76,26,0.078,0.123904,0.158858,-2.93362,-0.0504718,0,0,0,0
77,26,0.078,0.118198,0.159987,-2.94136,-0.0506823,0,0,0,0
78,26,0.078,0.113556,0.160497,-2.9474,-0.0500086,0,0,0,0
79,27,0.081,0.111892,0.16468,-2.95494,-0.0490144,0,0,0,0
80,27,0.081,0.109831,0.167221,-2.96036,-0.0476791,0,0,0,0
81,27,0.081,0.10785,0.168693,-2.96468,-0.046262,0,0,0,0
82,28,0.084,0.106124,0.171206,-2.96948,-0.0407323,0,0,0,0
83,28,0.084,0.104226,0.172727,-2.97224,-0.0368945,0,0,0,0
84,28,0.084,0.102376,0.173489,-2.97443,-0.0341922,0,0,0,0
85,29,0.087,0.10253,0.172326,-2.97816,-0.037679,0,0,0,0
86,29,0.087,0.101282,0.171116,-2.97978,-0.0382392,0,0,0,0
87,29,0.087,0.0999126,0.16992,-2.98095,-0.0377228,0,0,0,0
88,30,0.09,0.0992617,0.171811,-2.98207,-0.0313834,0,0,0,0
89,30,0.09,0.0979906,0.172376,-2.98196,-0.0271916,0,0,0,0
90,30,0.09,0.0966403,0.172431,-2.98185,-0.0243813,0,0,0,0
91,31,0.093,0.0927566,0.1724,-2.97979,-0.0252037,0,0,0,0
92,31,0.093,0.0898103,0.172613,-2.97759,-0.024869,0,0,0,0
93,31,0.093,0.0873026,0.172384,-2.97595,-0.0239625,0,0,0,0
94,32,0.096,0.0823191,0.172704,-2.97129,-0.0206411,0,0,0,0
95,32,0.096,0.0786764,0.17257,-2.967,-0.0176119,0,0,0,0
96,32,0.096,0.0756207,0.172115,-2.96378,-0.0153948,0,0,0,0
97,33,0.099,0.0736599,0.172971,-2.95861,-0.0153632,0,0,0,0
98,33,0.099,0.0713607,0.173001,-2.95381,-0.014294,0,0,0,0
99,33,0.099,0.0693715,0.172621,-2.95011,-0.0130479,0,0,0,0
100,34,0.102,0.0629199,0.17124,-2.94255,-0.0130061,0,0,0,0
101,34,0.102,0.0589973,0.170082,-2.93593,-0.0122234,0,0,0,0
102,34,0.102,0.0558659,0.168875,-2.93101,-0.0111564,0,0,0,0
103,35,0.105,0.0550551,0.168058,-2.92261,-0.00824854,0,0,0,0
104,35,0.105,0.0530787,0.166803,-2.91521,-0.00572886,0,0,0,0
105,35,0.105,0.0513773,0.165596,-2.90958,-0.00367107,0,0,0,0
106,36,0.108,0.0468387,0.16383,-2.90097,-0.00296487,0,0,0,0
107,36,0.108,0.0438003,0.162369,-2.89349,-0.00155239,0,0,0,0
108,36,0.108,0.0413179,0.160987,-2.88779,-0.000263959,0,0,0,0
109,37,0.111,0.0394204,0.159691,-2.87811,0.000848753,0,0,0,0
110,37,0.111,0.0377344,0.158806,-2.86952,0.00241552,0,0,0,0
111,37,0.111,0.0363099,0.157861,-2.86303,0.00379406,0,0,0,0
112,38,0.114,0.0358158,0.158281,-2.85148,0.00725039,0,0,0,0
113,38,0.114,0.0348659,0.158108,-2.84172,0.00924532,0,0,0,0
114,38,0.114,0.0339878,0.157684,-2.83432,0.0108343,0,0,0,0
115,39,0.117,0.0335829,0.157848,-2.82477,0.00961712,0,0,0,0
116,39,0.117,0.033351,0.157655,-2.81626,0.00975514,0,0,0,0
117,39,0.117,0.0329873,0.157244,-2.80972,0.0102729,0,0,0,0
118,40,0.12,0.033575,0.153425,-2.79911,0.00800117,0,0,0,0
119,40,0.12,0.0335628,0.150665,-2.79003,0.00761684,0,0,0,0
120,40,0.12,0.0333818,0.148421,-2.78311,0.00784779,0,0,0,0
121,41,0.123,0.0308101,0.14357,-2.77085,0.00972463,0,0,0,0
122,41,0.123,0.0289842,0.140334,-2.76037,0.0118027,0,0,0,0
123,41,0.123,0.027498,0.13777,-2.7526,0.0132049,0,0,0,0
124,42,0.126,0.0214726,0.132557,-2.74026,0.0171437,0,0,0,0
125,42,0.126,0.0188142,0.128825,-2.73001,0.0199015,0,0,0,0
126,42,0.126,0.0168007,0.125917,-2.72236,0.0216259,0,0,0,0
127,43,0.129,0.0193716,0.128634,-2.7117,0.0218548,0,0,0,0
128,43,0.129,0.0193273,0.129059,-2.70232,0.0225717,0,0,0,0
129,43,0.129,0.0191872,0.129109,-2.69529,0.0232872,0,0,0,0
130,44,0.132,0.0164139,0.12947,-2.68218,0.027216,0,0,0,0
131,44,0.132,0.0142141,0.130174,-2.67148,0.0297527,0,0,0,0
132,44,0.132,0.0125277,0.130469,-2.66362,0.0312514,0,0,0,0
133,45,0.135,0.0155022,0.132404,-2.65191,0.0320567,0,0,0,0
134,45,0.135,0.0168793,0.132385,-2.64227,0.0328638,0,0,0,0
135,45,0.135,0.0177965,0.132136,-2.63514,0.0335532,0,0,0,0
136,46,0.138,0.0176239,0.131033,-2.62486,0.0341341,0,0,0,0
137,46,0.138,0.0172052,0.131304,-2.61598,0.0350169,0,0,0,0
138,46,0.138,0.0168646,0.131354,-2.60942,0.0356217,0,0,0,0
139,47,0.141,0.0111178,0.130753,-2.60296,0.0397184,0,0,0,0
140,47,0.141,0.00755744,0.129344,-2.59668,0.0422348,0,0,0,0
141,47,0.141,0.00493066,0.128157,-2.59187,0.043531,0,0,0,0
142,48,0.144,0.00337587,0.122764,-2.58314,0.0442113,0,0,0,0
143,48,0.144,0.00179874,0.118768,-2.57522,0.0448643,0,0,0,0
144,48,0.144,0.000601544,0.115816,-2.56939,0.0453224,0,0,0,0
145,49,0.147,-0.00345658,0.114719,-2.56175,0.0496953,0,0,0,0
146,49,0.147,-0.00606452,0.114177,-2.55491,0.0536228,0,0,0,0
147,49,0.147,-0.0078984,0.113695,-2.54977,0.0556601,0,0,0,0
148,50,0.15,-0.00894064,0.113629,-2.54434,0.0500885,0,0,0,0
149,50,0.15,-0.0103771,0.113558,-2.53859,0.0471025,0,0,0,0
150,50,0.15,-0.0114537,0.113377,-2.53424,0.0455881,0,0,0,0
151,51,0.153,-0.00815147,0.112572,-2.53036,0.0531613,0,0,0,0
152,51,0.153,-0.00601178,0.112221,-2.52518,0.057792,0,0,0,0
153,51,0.153,-0.00446831,0.11194,-2.52121,0.0601161,0,0,0,0
154,52,0.156,-0.00534304,0.10819,-2.5194,0.0570669,0,0,0,0
155,52,0.156,-0.00508964,0.106202,-2.51585,0.0562438,0,0,0,0
156,52,0.156,-0.00485298,0.104746,-2.51301,0.0557154,0,0,0,0
157,53,0.159,0.00080848,0.103245,-2.51212,0.0564437,0,0,0,0
158,53,0.159,0.00347759,0.102832,-2.50797,0.0569292,0,0,0,0
159,53,0.159,0.00545773,0.102521,-2.50465,0.0570515,0,0,0,0
160,54,0.162,0.0061285,0.100359,-2.50382,0.0636403,0,0,0,0
161,54,0.162,0.00706088,0.0996927,-2.50005,0.0673463,0,0,0,0
162,54,0.162,0.00788498,0.0992565,-2.49699,0.06894,0,0,0,0
163,55,0.165,-0.00263089,0.0875148,-2.49747,0.0747951,0,0,0,0
164,55,0.165,-0.00703186,0.0819892,-2.49254,0.0782848,0,0,0,0
165,55,0.165,-0.0101244,0.0778829,-2.48839,0.0797379,0,0,0,0
166,56,0.168,-0.0158815,0.0754513,-2.4879,0.0747503,0,0,0,0
167,56,0.168,-0.019231,0.0735417,-2.48334,0.072059,0,0,0,0
168,56,0.168,-0.0215592,0.0719872,-2.47894,0.0696771,0,0,0,0
169,57,0.171,-0.0232058,0.0664315,-2.47895,0.075446,0,0,0,0
170,57,0.171,-0.0247777,0.0647265,-2.47448,0.0794147,0,0,0,0
171,57,0.171,-0.0259103,0.0634488,-2.4702,0.0809128,0,0,0,0
172,58,0.174,-0.0262117,0.0640032,-2.47248,0.0844869,0,0,0,0
173,58,0.174,-0.0269829,0.0638997,-2.47001,0.0867269,0,0,0,0
174,58,0.174,-0.0275586,0.064017,-2.46707,0.0873081,0,0,0,0
175,59,0.177,-0.0259398,0.0627352,-2.46418,0.0880468,0,0,0,0
176,59,0.177,-0.026045,0.061357,-2.45887,0.0883119,0,0,0,0
177,59,0.177,-0.0260241,0.0605026,-2.45359,0.0877766,0,0,0,0
178,60,0.18,-0.0245183,0.0506014,-2.4469,0.0856507,0,0,0,0
179,60,0.18,-0.0243887,0.0457783,-2.44125,0.0840008,0,0,0,0
180,60,0.18,-0.024303,0.0423386,-2.43508,0.0823646,0,0,0,0
181,61,0.183,-0.0229442,0.0445448,-2.4142,0.0873339,0,0,0,0
182,61,0.183,-0.0216397,0.0417755,-2.40361,0.0889528,0,0,0,0
183,61,0.183,-0.020596,0.0398775,-2.39332,0.088696,0,0,0,0
184,62,0.186,-0.0264452,0.0216079,-2.35338,0.0906019,0,0,0,0
185,62,0.186,-0.0281783,0.0174304,-2.33571,0.0897273,0,0,0,0
186,62,0.186,-0.0292111,0.0143955,-2.32049,0.0881122,0,0,0,0
187,63,0.189,-0.0271762,0.0125133,-2.24394,0.0902777,0,0,0,0
188,63,0.189,-0.0256179,0.00984969,-2.21705,0.0898684,0,0,0,0
189,63,0.189,-0.0241689,0.00799848,-2.19498,0.0880543,0,0,0,0
190,64,0.192,-0.0270682,0.00449695,-2.09346,0.0799849,0,0,0,0
191,64,0.192,-0.0261598,-0.000266129,-2.06431,0.0732785,0,0,0,0
192,64,0.192,-0.0253585,-0.00379259,-2.04015,0.0679864,0,0,0,0
193,65,0.195,-0.0238127,-0.00892667,-1.93149,0.062713,0,0,0,0
194,65,0.195,-0.0222793,-0.0142528,-1.90181,0.0568235,0,0,0,0
195,65,0.195,-0.0209459,-0.0177531,-1.87701,0.051493,0,0,0,0
196,66,0.198,-0.0130274,-0.000165881,-1.6023,0.055583,0,0,0,0
197,66,0.198,-0.0105162,-0.00370277,-1.55345,0.0560451,0,0,0,0
198,66,0.198,-0.00880339,-0.00571099,-1.51536,0.0541998,0,0,0,0
199,67,0.201,-0.0150886,-0.027347,-1.00615,0.0387868,0,0,0,0
200,67,0.201,-0.0166084,-0.0360216,-0.994604,0.0249,0,0,0,0
201,67,0.201,-0.0176143,-0.0420993,-0.981773,0.0149296,0,0,0,0
202,68,0.204,-0.0129868,-0.0648626,-0.84523,-0.0145731,0,0,0,0
203,68,0.204,-0.00866786,-0.0682484,-0.833089,-0.0321389,0,0,0,0
204,68,0.204,-0.00532328,-0.0708727,-0.826452,-0.041989,0,0,0,0
205,69,0.207,0.00881526,-0.0869393,-0.745667,-0.0612625,0,0,0,0
206,69,0.207,0.0129292,-0.0916183,-0.749681,-0.0715539,0,0,0,0
207,69,0.207,0.0160516,-0.0949985,-0.754283,-0.0766827,0,0,0,0
208,70,0.21,0.0220564,-0.0980844,-0.701766,-0.0794937,0,0,0,0
209,70,0.21,0.0264847,-0.0995704,-0.710095,-0.0823955,0,0,0,0
210,70,0.21,0.0299812,-0.100646,-0.718434,-0.084473,0,0,0,0
211,71,0.213,0.0376119,-0.111229,-0.687303,-0.0851817,0,0,0,0
212,71,0.213,0.0412511,-0.112285,-0.701045,-0.0874596,0,0,0,0
213,71,0.213,0.0439279,-0.113047,-0.713287,-0.0895373,0,0,0,0
214,72,0.216,0.0522009,-0.117404,-0.703557,-0.090092,0,0,0,0
215,72,0.216,0.0551157,-0.118103,-0.721649,-0.0924727,0,0,0,0
216,72,0.216,0.0573756,-0.118681,-0.737068,-0.0948275,0,0,0,0
217,73,0.219,0.0665156,-0.119956,-0.742748,-0.09705,0,0,0,0
218,73,0.219,0.0709734,-0.120155,-0.768619,-0.100088,0,0,0,0
219,73,0.219,0.0743964,-0.120358,-0.789864,-0.102479,0,0,0,0
220,74,0.222,0.0831476,-0.122406,-0.812311,-0.106021,0,0,0,0
221,74,0.222,0.0872007,-0.12178,-0.845671,-0.10861,0,0,0,0
222,74,0.222,0.0901868,-0.121463,-0.872393,-0.109947,0,0,0,0
223,75,0.225,0.0952162,-0.122723,-0.90068,-0.111869,0,0,0,0
224,75,0.225,0.0986275,-0.122654,-0.93584,-0.113953,0,0,0,0
225,75,0.225,0.101247,-0.122601,-0.963508,-0.115521,0,0,0,0
226,76,0.228,0.105585,-0.122987,-0.992525,-0.110583,0,0,0,0
227,76,0.228,0.108465,-0.123684,-1.02306,-0.109388,0,0,0,0
228,76,0.228,0.110607,-0.124307,-1.04714,-0.109513,0,0,0,0
229,77,0.231,0.110779,-0.126921,-1.07537,-0.103269,0,0,0,0
230,77,0.231,0.112582,-0.126847,-1.10391,-0.101215,0,0,0,0
231,77,0.231,0.113921,-0.126794,-1.12621,-0.100969,0,0,0,0
232,78,0.234,0.117659,-0.126311,-1.15293,-0.0996694,0,0,0,0
233,78,0.234,0.120038,-0.125611,-1.17847,-0.100561,0,0,0,0
234,78,0.234,0.121792,-0.125103,-1.1983,-0.101897,0,0,0,0
235,79,0.237,0.126924,-0.1241,-1.22483,-0.0950261,0,0,0,0
236,79,0.237,0.130178,-0.124031,-1.24957,-0.0931277,0,0,0,0
237,79,0.237,0.132546,-0.123937,-1.26855,-0.0930948,0,0,0,0
238,80,0.24,0.137092,-0.123241,-1.29373,-0.0892795,0,0,0,0
239,80,0.24,0.140117,-0.122279,-1.31734,-0.0884426,0,0,0,0
240,80,0.24,0.142354,-0.121572,-1.33539,-0.0889056,0,0,0,0
241,81,0.243,0.147653,-0.121528,-1.35799,-0.0832455,0,0,0,0
242,81,0.243,0.15118,-0.121719,-1.37848,-0.0816755,0,0,0,0
243,81,0.243,0.15379,-0.121861,-1.3942,-0.0818233,0,0,0,0
244,82,0.246,0.154976,-0.121264,-1.41886,-0.0782119,0,0,0,0
245,82,0.246,0.157217,-0.120072,-1.44015,-0.0779908,0,0,0,0
246,82,0.246,0.158942,-0.119157,-1.45618,-0.0787234,0,0,0,0
247,83,0.249,0.161866,-0.1185,-1.48195,-0.076044,0,0,0,0
248,83,0.249,0.164438,-0.117527,-1.50424,-0.076008,0,0,0,0
249,83,0.249,0.166446,-0.116738,-1.5208,-0.0768463,0,0,0,0
250,84,0.252,0.171445,-0.115307,-1.54469,-0.073516,0,0,0,0
251,84,0.252,0.174965,-0.114557,-1.56412,-0.0731942,0,0,0,0
252,84,0.252,0.177614,-0.113942,-1.57863,-0.073943,0,0,0,0
253,85,0.255,0.181673,-0.112102,-1.60054,-0.0725702,0,0,0,0
254,85,0.255,0.184643,-0.110791,-1.61836,-0.0729008,0,0,0,0
255,85,0.255,0.186939,-0.109725,-1.6317,-0.0738934,0,0,0,0
256,86,0.258,0.191458,-0.107252,-1.65662,-0.070741,0,0,0,0
257,86,0.258,0.194407,-0.105429,-1.67653,-0.0703119,0,0,0,0
258,86,0.258,0.196685,-0.103949,-1.6911,-0.0708625,0,0,0,0
259,87,0.261,0.199029,-0.101512,-1.71287,-0.0678565,0,0,0,0
260,87,0.261,0.201502,-0.0997263,-1.73067,-0.0674235,0,0,0,0
261,87,0.261,0.203429,-0.0983638,-1.74373,-0.0679391,0,0,0,0
262,88,0.264,0.206844,-0.0959239,-1.76611,-0.0669273,0,0,0,0
263,88,0.264,0.209518,-0.0946682,-1.78358,-0.0677489,0,0,0,0
264,88,0.264,0.211595,-0.0936223,-1.79632,-0.0688381,0,0,0,0
265,89,0.267,0.214958,-0.0913703,-1.81762,-0.0659718,0,0,0,0
266,89,0.267,0.217943,-0.0897195,-1.8344,-0.065277,0,0,0,0
267,89,0.267,0.220259,-0.0883836,-1.8466,-0.0655696,0,0,0,0
268,90,0.27,0.224046,-0.0864321,-1.86757,-0.0617967,0,0,0,0
269,90,0.27,0.227128,-0.084655,-1.88416,-0.0610128,0,0,0,0
270,90,0.27,0.229465,-0.0831554,-1.89619,-0.0612976,0,0,0,0
271,91,0.273,0.233936,-0.0820644,-1.91803,-0.0570413,0,0,0,0
272,91,0.273,0.237135,-0.0802433,-1.93476,-0.0556636,0,0,0,0
273,91,0.273,0.239642,-0.0787419,-1.94678,-0.0556265,0,0,0,0
274,92,0.276,0.242904,-0.0759484,-1.96564,-0.0571286,0,0,0,0
275,92,0.276,0.244896,-0.0733085,-1.98028,-0.0588078,0,0,0,0
276,92,0.276,0.246477,-0.0712709,-1.99093,-0.0602612,0,0,0,0
277,93,0.279,0.248469,-0.0667467,-2.01195,-0.0584741,0,0,0,0
278,93,0.279,0.250261,-0.0637569,-2.0285,-0.0587244,0,0,0,0
279,93,0.279,0.251661,-0.0614072,-2.04034,-0.059372,0,0,0,0
280,94,0.282,0.254692,-0.0584162,-2.05661,-0.0571377,0,0,0,0
281,94,0.282,0.256918,-0.0560762,-2.0691,-0.0566655,0,0,0,0
282,94,0.282,0.258658,-0.0541328,-2.07831,-0.056928,0,0,0,0
283,95,0.285,0.262021,-0.0511114,-2.0986,-0.0495226,0,0,0,0
284,95,0.285,0.264462,-0.0483883,-2.1139,-0.0466085,0,0,0,0
285,95,0.285,0.266372,-0.0462302,-2.12487,-0.0456423,0,0,0,0
286,96,0.288,0.270409,-0.0421782,-2.1475,-0.0461758,0,0,0,0
287,96,0.288,0.272828,-0.0396426,-2.1648,-0.046924,0,0,0,0
288,96,0.288,0.274728,-0.0375829,-2.17714,-0.0477364,0,0,0,0
289,97,0.291,0.278313,-0.033314,-2.19542,-0.0461417,0,0,0,0
290,97,0.291,0.280259,-0.0303756,-2.20981,-0.0457831,0,0,0,0
291,97,0.291,0.281791,-0.027985,-2.22033,-0.0460774,0,0,0,0
292,98,0.294,0.284615,-0.0244288,-2.23557,-0.046808,0,0,0,0
293,98,0.294,0.286941,-0.0212485,-2.24738,-0.0479237,0,0,0,0
294,98,0.294,0.288695,-0.0187277,-2.25623,-0.0488676,0,0,0,0
295,99,0.297,0.288981,-0.0176122,-2.27426,-0.0402601,0,0,0,0
296,99,0.297,0.289312,-0.0158263,-2.28827,-0.0364884,0,0,0,0
297,99,0.297,0.28962,-0.0141675,-2.29857,-0.0350008,0,0,0,0
298,100,0.3,0.290218,-0.0119559,-2.31842,-0.0387519,0,0,0,0
299,100,0.3,0.291228,-0.00979817,-2.33408,-0.0409781,0,0,0,0
300,100,0.3,0.292003,-0.00795884,-2.34552,-0.0422848,0,0,0,0
301,101,0.303,0.290813,-0.00312331,-2.36077,-0.0443485,0,0,0,0
302,101,0.303,0.290398,-0.000144638,-2.37327,-0.0456411,0,0,0,0
303,101,0.303,0.290233,0.00230686,-2.38269,-0.046526,0,0,0,0
304,102,0.306,0.291369,0.00462534,-2.39891,-0.0459468,0,0,0,0
305,102,0.306,0.291758,0.00697307,-2.41257,-0.0457921,0,0,0,0
306,102,0.306,0.29216,0.00894348,-2.42282,-0.045994,0,0,0,0
307,103,0.309,0.291713,0.010364,-2.43909,-0.0426829,0,0,0,0
308,103,0.309,0.2924,0.0126487,-2.45302,-0.041336,0,0,0,0
309,103,0.309,0.292941,0.014653,-2.46354,-0.0409501,0,0,0,0
310,104,0.312,0.296514,0.0171313,-2.47586,-0.034719,0,0,0,0
311,104,0.312,0.29883,0.0195994,-2.48709,-0.0319128,0,0,0,0
312,104,0.312,0.300544,0.0216723,-2.49591,-0.0307658,0,0,0,0
313,105,0.315,0.301986,0.0244947,-2.5077,-0.0192137,0,0,0,0
314,105,0.315,0.302601,0.0270552,-2.518,-0.0139711,0,0,0,0
315,105,0.315,0.303099,0.0292436,-2.52612,-0.011582,0,0,0,0
316,106,0.318,0.303315,0.032875,-2.53947,-0.0203333,0,0,0,0
317,106,0.318,0.303865,0.0356166,-2.55166,-0.0249587,0,0,0,0
318,106,0.318,0.304386,0.0379359,-2.56115,-0.0274945,0,0,0,0
319,107,0.321,0.306202,0.0407793,-2.57376,-0.0305316,0,0,0,0
320,107,0.321,0.307215,0.0430727,-2.58525,-0.0322356,0,0,0,0
321,107,0.321,0.307977,0.0450202,-2.5943,-0.0332983,0,0,0,0
322,108,0.324,0.307811,0.0455532,-2.60433,-0.0372662,0,0,0,0
323,108,0.324,0.307652,0.0473846,-2.61478,-0.0391923,0,0,0,0
324,108,0.324,0.307495,0.0490666,-2.62322,-0.0402579,0,0,0,0
325,109,0.327,0.309109,0.0489542,-2.6314,-0.0286797,0,0,0,0
326,109,0.327,0.309943,0.0497494,-2.641,-0.0226764,0,0,0,0
327,109,0.327,0.310435,0.0506342,-2.64885,-0.0198592,0,0,0,0
328,110,0.33,0.310348,0.0590318,-2.65638,-0.0140231,0,0,0,0
329,110,0.33,0.309856,0.0644398,-2.66493,-0.0113868,0,0,0,0
330,110,0.33,0.309587,0.0686989,-2.67211,-0.010283,0,0,0,0
331,111,0.333,0.308171,0.0734591,-2.67939,-0.0164092,0,0,0,0
332,111,0.333,0.307699,0.0771907,-2.68882,-0.0195218,0,0,0,0
333,111,0.333,0.307371,0.0802795,-2.69665,-0.0212349,0,0,0,0
334,112,0.336,0.309319,0.0825536,-2.70152,-0.0195103,0,0,0,0
335,112,0.336,0.309856,0.0846939,-2.70898,-0.0186063,0,0,0,0
336,112,0.336,0.310157,0.0866076,-2.7155,-0.0182674,0,0,0,0
337,113,0.339,0.30893,0.0916392,-2.72112,-0.0171664,0,0,0,0
338,113,0.339,0.308251,0.0963747,-2.72906,-0.016497,0,0,0,0
339,113,0.339,0.307677,0.100208,-2.73595,-0.0162842,0,0,0,0
340,114,0.342,0.306699,0.103484,-2.73952,-0.0113915,0,0,0,0
341,114,0.342,0.306137,0.105086,-2.74616,-0.00877466,0,0,0,0
342,114,0.342,0.305559,0.106521,-2.75214,-0.00755142,0,0,0,0
343,115,0.345,0.305868,0.111858,-2.75236,-0.0110706,0,0,0,0
344,115,0.345,0.305422,0.116258,-2.75751,-0.0125853,0,0,0,0
345,115,0.345,0.305039,0.119821,-2.7625,-0.0133478,0,0,0,0
346,116,0.348,0.29835,0.123705,-2.76128,-0.00927619,0,0,0,0
347,116,0.348,0.294427,0.12687,-2.76523,-0.00678418,0,0,0,0
348,116,0.348,0.29139,0.12961,-2.76932,-0.00562979,0,0,0,0
349,117,0.351,0.288283,0.132741,-2.76777,-0.00434761,0,0,0,0
350,117,0.351,0.286244,0.135571,-2.77123,-0.00372014,0,0,0,0
351,117,0.351,0.284472,0.137992,-2.77496,-0.00354933,0,0,0,0
352,118,0.354,0.288261,0.139264,-2.76982,0.00146825,0,0,0,0
353,118,0.354,0.289703,0.141668,-2.77231,0.00427112,0,0,0,0
354,118,0.354,0.290581,0.14369,-2.7753,0.0055505,0,0,0,0
355,119,0.357,0.290981,0.149428,-2.7677,0.00546803,0,0,0,0
356,119,0.357,0.291451,0.154071,-2.76914,0.00563697,0,0,0,0
357,119,0.357,0.291706,0.157814,-2.77142,0.0056238,0,0,0,0
358,120,0.36,0.290737,0.1582,-2.76169,-0.000301847,0,0,0,0
359,120,0.36,0.290934,0.160088,-2.76161,-0.00316083,0,0,0,0
360,120,0.36,0.290886,0.161736,-2.76278,-0.00460317,0,0,0,0
361,121,0.363,0.290783,0.16006,-2.74865,-0.00190153,0,0,0,0
362,121,0.363,0.288541,0.160265,-2.74642,-0.000366373,0,0,0,0
363,121,0.363,0.286499,0.160743,-2.74594,0.00036339,0,0,0,0
364,122,0.366,0.281014,0.158115,-2.73182,0.00483798,0,0,0,0
365,122,0.366,0.278708,0.158394,-2.72941,0.00752933,0,0,0,0
366,122,0.366,0.27678,0.158758,-2.7286,0.00876693,0,0,0,0
367,123,0.369,0.270767,0.163995,-2.7117,0.00796202,0,0,0,0
368,123,0.369,0.267823,0.167193,-2.70911,0.00748074,0,0,0,0
369,123,0.369,0.265433,0.169755,-2.70813,0.00703927,0,0,0,0
370,124,0.372,0.263666,0.171338,-2.68793,0.0111664,0,0,0,0
371,124,0.372,0.26264,0.173596,-2.68376,0.013226,0,0,0,0
372,124,0.372,0.261494,0.175486,-2.68158,0.013963,0,0,0,0
373,125,0.375,0.256573,0.178782,-2.65673,0.0181347,0,0,0,0
374,125,0.375,0.253498,0.178953,-2.65271,0.0202452,0,0,0,0
375,125,0.375,0.250748,0.179226,-2.65063,0.0209388,0,0,0,0
376,126,0.378,0.248981,0.172909,-2.62035,0.0189938,0,0,0,0
377,126,0.378,0.246427,0.17227,-2.61637,0.0174411,0,0,0,0
378,126,0.378,0.244136,0.171824,-2.6141,0.0160861,0,0,0,0
379,127,0.381,0.240819,0.17678,-2.57534,0.0179072,0,0,0,0
380,127,0.381,0.239264,0.17744,-2.57041,0.0180006,0,0,0,0
381,127,0.381,0.237819,0.178023,-2.56707,0.017237,0,0,0,0
382,128,0.384,0.229005,0.172979,-2.50854,0.0145314,0,0,0,0
383,128,0.384,0.225489,0.172261,-2.49858,0.0119556,0,0,0,0
384,128,0.384,0.222425,0.171808,-2.4915,0.00989519,0,0,0,0
385,129,0.387,0.217464,0.169431,-2.40092,0.0140785,0,0,0,0
386,129,0.387,0.215108,0.167685,-2.38521,0.0149655,0,0,0,0
387,129,0.387,0.213059,0.166358,-2.37377,0.0141722,0,0,0,0
388,130,0.39,0.214673,0.1466,-2.25042,0.015136,0,0,0,0
389,130,0.39,0.213879,0.142693,-2.23045,0.0137341,0,0,0,0
390,130,0.39,0.213122,0.139737,-2.21552,0.0113146,0,0,0,0
391,131,0.393,0.201408,0.12958,-2.07893,0.00717653,0,0,0,0
392,131,0.393,0.199346,0.12593,-2.05868,0.00216862,0,0,0,0
393,131,0.393,0.197522,0.123183,-2.0428,-0.0023464,0,0,0,0
394,132,0.396,0.181118,0.118163,-1.87564,-0.00464271,0,0,0,0
395,132,0.396,0.176407,0.113128,-1.84681,-0.00906633,0,0,0,0
396,132,0.396,0.172589,0.109327,-1.82464,-0.0129655,0,0,0,0
397,133,0.399,0.141985,0.0701692,-1.4088,-0.00840522,0,0,0,0
398,133,0.399,0.137646,0.0597712,-1.3703,-0.00894218,0,0,0,0
399,133,0.399,0.133978,0.0519851,-1.34127,-0.0111361,0,0,0,0
400,134,0.402,0.0752065,-0.00487271,-1.02071,-0.0356709,0,0,0,0
401,134,0.402,0.0732523,-0.0111736,-1.00804,-0.049464,0,0,0,0
402,134,0.402,0.0716476,-0.0162737,-0.999282,-0.0571706,0,0,0,0
403,135,0.405,0.0757441,-0.0442911,-0.917378,-0.0688824,0,0,0,0
404,135,0.405,0.0789056,-0.0487762,-0.917323,-0.075749,0,0,0,0
405,135,0.405,0.0813354,-0.0524112,-0.919329,-0.0795758,0,0,0,0
406,136,0.408,0.0773332,-0.072117,-0.869666,-0.0880739,0,0,0,0
407,136,0.408,0.0801367,-0.0751295,-0.876331,-0.0926625,0,0,0,0
408,136,0.408,0.0825411,-0.0774516,-0.88281,-0.0950312,0,0,0,0
409,137,0.411,0.0832987,-0.0894869,-0.850859,-0.0997564,0,0,0,0
410,137,0.411,0.0869764,-0.0914033,-0.86132,-0.102853,0,0,0,0
411,137,0.411,0.0900035,-0.0928383,-0.870808,-0.105141,0,0,0,0
412,138,0.414,0.0977646,-0.0992686,-0.853338,-0.105666,0,0,0,0
413,138,0.414,0.102241,-0.10068,-0.866684,-0.107113,0,0,0,0
414,138,0.414,0.105631,-0.101918,-0.878142,-0.108494,0,0,0,0
415,139,0.417,0.113744,-0.105299,-0.876803,-0.113709,0,0,0,0
416,139,0.417,0.118545,-0.105989,-0.896222,-0.11712,0,0,0,0
417,139,0.417,0.122295,-0.106515,-0.912152,-0.119387,0,0,0,0
418,140,0.42,0.129227,-0.108859,-0.919997,-0.117744,0,0,0,0
419,140,0.42,0.133407,-0.109892,-0.941436,-0.118584,0,0,0,0
420,140,0.42,0.136686,-0.110751,-0.958909,-0.119752,0,0,0,0
421,141,0.423,0.144444,-0.113996,-0.976309,-0.120826,0,0,0,0
422,141,0.423,0.148964,-0.114871,-1.00175,-0.122202,0,0,0,0
423,141,0.423,0.152552,-0.115542,-1.02183,-0.123469,0,0,0,0
424,142,0.426,0.159444,-0.11742,-1.04208,-0.124795,0,0,0,0
425,142,0.426,0.164034,-0.11768,-1.06703,-0.126538,0,0,0,0
426,142,0.426,0.167658,-0.117929,-1.08679,-0.128004,0,0,0,0
427,143,0.429,0.169142,-0.116659,-1.10901,-0.125481,0,0,0,0
428,143,0.429,0.172691,-0.116326,-1.13239,-0.125229,0,0,0,0
429,143,0.429,0.17556,-0.11612,-1.15069,-0.125827,0,0,0,0
430,144,0.432,0.179317,-0.121651,-1.17031,-0.118138,0,0,0,0
431,144,0.432,0.182778,-0.121587,-1.19072,-0.115607,0,0,0,0
432,144,0.432,0.185454,-0.121558,-1.20665,-0.115192,0,0,0,0
433,145,0.435,0.192243,-0.119373,-1.22693,-0.115296,0,0,0,0
434,145,0.435,0.196587,-0.118853,-1.24687,-0.116877,0,0,0,0
435,145,0.435,0.199861,-0.118458,-1.26196,-0.118599,0,0,0,0
436,146,0.438,0.204715,-0.116433,-1.28276,-0.111172,0,0,0,0
437,146,0.438,0.209437,-0.114492,-1.30159,-0.108948,0,0,0,0
438,146,0.438,0.213022,-0.113051,-1.31588,-0.108747,0,0,0,0
439,147,0.441,0.219546,-0.111862,-1.33649,-0.10342,0,0,0,0
440,147,0.441,0.224417,-0.111364,-1.35569,-0.102167,0,0,0,0
441,147,0.441,0.22817,-0.110914,-1.37008,-0.102539,0,0,0,0
442,148,0.444,0.233725,-0.11044,-1.38817,-0.0982096,0,0,0,0
443,148,0.444,0.237831,-0.109443,-1.40395,-0.0972194,0,0,0,0
444,148,0.444,0.241103,-0.108676,-1.41596,-0.0977239,0,0,0,0
445,149,0.447,0.243583,-0.107329,-1.43584,-0.0971695,0,0,0,0
446,149,0.447,0.24691,-0.105482,-1.45289,-0.0984169,0,0,0,0
447,149,0.447,0.249585,-0.103978,-1.4655,-0.0999173,0,0,0,0
448,150,0.45,0.253979,-0.100401,-1.4866,-0.09852,0,0,0,0
449,150,0.45,0.257576,-0.0981022,-1.5047,-0.0990088,0,0,0,0
450,150,0.45,0.260468,-0.0962489,-1.51803,-0.10014,0,0,0,0
451,151,0.453,0.266445,-0.0942167,-1.53969,-0.0956418,0,0,0,0
452,151,0.453,0.271,-0.092397,-1.55762,-0.094629,0,0,0,0
453,151,0.453,0.274547,-0.0908384,-1.57073,-0.0949444,0,0,0,0
454,152,0.456,0.278681,-0.0868433,-1.59354,-0.0935022,0,0,0,0
455,152,0.456,0.282261,-0.0845892,-1.61213,-0.0938507,0,0,0,0
456,152,0.456,0.285075,-0.0827422,-1.62575,-0.0948199,0,0,0,0
457,153,0.459,0.291272,-0.0806195,-1.64641,-0.0892845,0,0,0,0
458,153,0.459,0.295597,-0.078176,-1.66309,-0.0877207,0,0,0,0
459,153,0.459,0.298931,-0.0760957,-1.6754,-0.0877425,0,0,0,0
460,154,0.462,0.302947,-0.0721195,-1.69367,-0.0804077,0,0,0,0
461,154,0.462,0.306561,-0.0692616,-1.70869,-0.0781062,0,0,0,0
462,154,0.462,0.309402,-0.0669585,-1.71992,-0.0778073,0,0,0,0
463,155,0.465,0.31537,-0.0651329,-1.74412,-0.0776024,0,0,0,0
464,155,0.465,0.319546,-0.0628652,-1.76322,-0.0784169,0,0,0,0
465,155,0.465,0.322774,-0.0609027,-1.7771,-0.0796076,0,0,0,0
466,156,0.468,0.326735,-0.0565259,-1.79734,-0.0758305,0,0,0,0
467,156,0.468,0.330215,-0.0533827,-1.81304,-0.0749524,0,0,0,0
468,156,0.468,0.332908,-0.0507568,-1.82476,-0.0752316,0,0,0,0
469,157,0.471,0.337288,-0.0465431,-1.84408,-0.0735638,0,0,0,0
470,157,0.471,0.34057,-0.0432779,-1.85963,-0.073629,0,0,0,0
471,157,0.471,0.343116,-0.0405277,-1.87125,-0.0743033,0,0,0,0
472,158,0.474,0.347551,-0.0377406,-1.89335,-0.0710671,0,0,0,0
473,158,0.474,0.350433,-0.0344962,-1.91102,-0.0703159,0,0,0,0
474,158,0.474,0.352771,-0.0317558,-1.92403,-0.0705634,0,0,0,0
475,159,0.477,0.35809,-0.0267749,-1.94366,-0.0673177,0,0,0,0
476,159,0.477,0.361545,-0.0222653,-1.95929,-0.0667444,0,0,0,0
477,159,0.477,0.364139,-0.0186832,-1.97111,-0.0670965,0,0,0,0
478,160,0.48,0.364482,-0.0133194,-1.99489,-0.0636171,0,0,0,0
479,160,0.48,0.366529,-0.00951596,-2.01385,-0.0628698,0,0,0,0
480,160,0.48,0.368154,-0.00629563,-2.02783,-0.0631213,0,0,0,0
481,161,0.483,0.370735,-0.00175875,-2.04801,-0.0638019,0,0,0,0
482,161,0.483,0.372562,0.00211148,-2.06382,-0.0649683,0,0,0,0
483,161,0.483,0.374016,0.00529096,-2.07584,-0.0660441,0,0,0,0
484,162,0.486,0.379857,0.0116565,-2.09998,-0.0603847,0,0,0,0
485,162,0.486,0.383209,0.0161187,-2.11897,-0.0581535,0,0,0,0
486,162,0.486,0.385727,0.0197079,-2.13309,-0.057562,0,0,0,0
487,163,0.489,0.388409,0.0264449,-2.15688,-0.0573317,0,0,0,0
488,163,0.489,0.390645,0.0311612,-2.17571,-0.057578,0,0,0,0
489,163,0.489,0.392416,0.0349852,-2.18985,-0.0581471,0,0,0,0
490,164,0.492,0.394581,0.0402663,-2.21003,-0.0560075,0,0,0,0
491,164,0.492,0.396597,0.0446902,-2.22664,-0.0557411,0,0,0,0
492,164,0.492,0.398103,0.048279,-2.23944,-0.0559987,0,0,0,0
493,165,0.495,0.398999,0.0484056,-2.26037,-0.0470997,0,0,0,0
494,165,0.495,0.399355,0.0504745,-2.27702,-0.0431806,0,0,0,0
495,165,0.495,0.399583,0.0524841,-2.28988,-0.0416034,0,0,0,0
496,166,0.498,0.400586,0.0562909,-2.3116,-0.0464585,0,0,0,0
497,166,0.498,0.401097,0.0600353,-2.32912,-0.0492595,0,0,0,0
498,166,0.498,0.401507,0.0631299,-2.34264,-0.0509517,0,0,0,0
499,167,0.501,0.401754,0.0698902,-2.3638,-0.0502021,0,0,0,0
500,167,0.501,0.402234,0.0740015,-2.38142,-0.050161,0,0,0,0
501,167,0.501,0.402617,0.0773015,-2.39511,-0.0504364,0,0,0,0
502,168,0.504,0.401934,0.0840044,-2.41359,-0.0464855,0,0,0,0
503,168,0.504,0.401734,0.088276,-2.42948,-0.0446409,0,0,0,0
504,168,0.504,0.401656,0.0917501,-2.44209,-0.0439408,0,0,0,0
505,169,0.507,0.401772,0.095571,-2.46172,-0.044862,0,0,0,0
506,169,0.507,0.401433,0.0992361,-2.47897,-0.0457756,0,0,0,0
507,169,0.507,0.401087,0.102262,-2.49256,-0.0464133,0,0,0,0
508,170,0.51,0.40028,0.105849,-2.50965,-0.047495,0,0,0,0
509,170,0.51,0.400323,0.109118,-2.52438,-0.0479146,0,0,0,0
510,170,0.51,0.400292,0.111843,-2.53639,-0.0482343,0,0,0,0
511,171,0.513,0.403079,0.115116,-2.55476,-0.0408324,0,0,0,0
512,171,0.513,0.404312,0.11875,-2.57074,-0.0373179,0,0,0,0
513,171,0.513,0.405115,0.121718,-2.58354,-0.0357477,0,0,0,0
514,172,0.516,0.404914,0.128212,-2.60066,-0.0244217,0,0,0,0
515,172,0.516,0.404943,0.133369,-2.61585,-0.0191457,0,0,0,0
516,172,0.516,0.404874,0.137466,-2.62808,-0.0167032,0,0,0,0
517,173,0.519,0.406089,0.141892,-2.64734,-0.0239322,0,0,0,0
518,173,0.519,0.40597,0.145594,-2.66494,-0.0276278,0,0,0,0
519,173,0.519,0.405801,0.14861,-2.67891,-0.0296144,0,0,0,0
520,174,0.522,0.406091,0.150213,-2.69593,-0.0323915,0,0,0,0
521,174,0.522,0.405391,0.152067,-2.7112,-0.0333832,0,0,0,0
522,174,0.522,0.40469,0.153724,-2.72365,-0.0339597,0,0,0,0
523,175,0.525,0.40193,0.153448,-2.73758,-0.0340135,0,0,0,0
524,175,0.525,0.40055,0.15492,-2.75151,-0.0339391,0,0,0,0
525,175,0.525,0.399375,0.156344,-2.76314,-0.0339262,0,0,0,0
526,176,0.528,0.39756,0.162399,-2.77702,-0.0249979,0,0,0,0
527,176,0.528,0.395207,0.165957,-2.79056,-0.0204245,0,0,0,0
528,176,0.528,0.39335,0.16884,-2.80192,-0.0182083,0,0,0,0
529,177,0.531,0.389581,0.172692,-2.81289,-0.0170615,0,0,0,0
530,177,0.531,0.385907,0.176265,-2.82546,-0.0164529,0,0,0,0
531,177,0.531,0.383037,0.179187,-2.83619,-0.0161005,0,0,0,0
532,178,0.534,0.383312,0.184745,-2.84667,-0.014245,0,0,0,0
533,178,0.534,0.38318,0.18896,-2.85917,-0.0129821,0,0,0,0
534,178,0.534,0.382854,0.192284,-2.86987,-0.0123428,0,0,0,0
535,179,0.537,0.37916,0.198579,-2.88008,-0.0128166,0,0,0,0
536,179,0.537,0.376407,0.203365,-2.89223,-0.0127851,0,0,0,0
537,179,0.537,0.37417,0.207214,-2.90267,-0.0127809,0,0,0,0
538,180,0.54,0.368565,0.211387,-2.91373,-0.0114744,0,0,0,0
539,180,0.54,0.364311,0.214726,-2.92642,-0.0108385,0,0,0,0
540,180,0.54,0.360856,0.217467,-2.9373,-0.0105065,0,0,0,0
541,181,0.543,0.358567,0.219767,-2.94444,-0.00707601,0,0,0,0
542,181,0.543,0.355054,0.221597,-2.95503,-0.00509787,0,0,0,0
543,181,0.543,0.352161,0.223246,-2.96445,-0.00407574,0,0,0,0
544,182,0.546,0.347585,0.224503,-2.96911,-0.00552423,0,0,0,0
545,182,0.546,0.344978,0.22728,-2.97854,-0.00559911,0,0,0,0
546,182,0.546,0.342804,0.229584,-2.9871,-0.00555459,0,0,0,0
547,183,0.549,0.338443,0.232881,-2.9912,0.00180276,0,0,0,0
548,183,0.549,0.334318,0.235547,-2.99976,0.00568102,0,0,0,0
549,183,0.549,0.330856,0.237805,-3.00757,0.00760108,0,0,0,0
550,184,0.552,0.325179,0.238319,-3.00872,0.00298753,0,0,0,0
551,184,0.552,0.320803,0.240633,-3.01525,0.0012716,0,0,0,0
552,184,0.552,0.31715,0.242614,-3.02164,0.000519031,0,0,0,0
553,185,0.555,0.314466,0.248089,-3.02024,0.00713729,0,0,0,0
554,185,0.555,0.312885,0.250892,-3.02546,0.0107421,0,0,0,0
555,185,0.555,0.311388,0.253254,-3.03084,0.0126078,0,0,0,0
556,186,0.558,0.311225,0.255414,-3.02639,0.0106227,0,0,0,0
557,186,0.558,0.310249,0.256935,-3.02969,0.0102599,0,0,0,0
558,186,0.558,0.309151,0.258252,-3.03354,0.0102338,0,0,0,0
559,187,0.561,0.304701,0.262475,-3.02264,0.00723439,0,0,0,0
560,187,0.561,0.302579,0.266716,-3.02441,0.00632468,0,0,0,0
561,187,0.561,0.300711,0.270117,-3.02707,0.00607721,0,0,0,0
562,188,0.564,0.29502,0.265345,-3.01455,0.0152236,0,0,0,0
563,188,0.564,0.289979,0.264273,-3.01306,0.0205454,0,0,0,0
564,188,0.564,0.285848,0.263638,-3.01314,0.0233331,0,0,0,0
565,189,0.567,0.282301,0.26126,-2.99688,0.0186703,0,0,0,0
566,189,0.567,0.278541,0.260669,-2.99422,0.0163753,0,0,0,0
567,189,0.567,0.27525,0.260363,-2.99321,0.0153352,0,0,0,0
568,190,0.57,0.26519,0.257849,-2.96934,0.0149157,0,0,0,0
569,190,0.57,0.259663,0.259437,-2.96482,0.0152507,0,0,0,0
570,190,0.57,0.25516,0.260831,-2.96224,0.0154972,0,0,0,0
571,191,0.573,0.249733,0.260921,-2.93952,0.0195479,0,0,0,0
572,191,0.573,0.245242,0.261826,-2.93423,0.0220857,0,0,0,0
573,191,0.573,0.241365,0.262617,-2.931,0.0233614,0,0,0,0
574,192,0.576,0.232193,0.260883,-2.90021,0.0231007,0,0,0,0
575,192,0.576,0.226715,0.259396,-2.8923,0.0232934,0,0,0,0
576,192,0.576,0.222161,0.258403,-2.88723,0.0233566,0,0,0,0
577,193,0.579,0.221517,0.25131,-2.8539,0.0283661,0,0,0,0
578,193,0.579,0.21875,0.249883,-2.84903,0.0303554,0,0,0,0
579,193,0.579,0.216137,0.248811,-2.84593,0.0308951,0,0,0,0
580,194,0.582,0.211217,0.252657,-2.79647,0.0247061,0,0,0,0
581,194,0.582,0.207683,0.252019,-2.78691,0.0214777,0,0,0,0
582,194,0.582,0.204629,0.251533,-2.78011,0.0196253,0,0,0,0
583,195,0.585,0.195805,0.250573,-2.69647,0.0256972,0,0,0,0
584,195,0.585,0.191312,0.249219,-2.68057,0.028466,0,0,0,0
585,195,0.585,0.18767,0.248235,-2.66934,0.0294716,0,0,0,0
586,196,0.588,0.185434,0.231208,-2.559,0.0367062,0,0,0,0
587,196,0.588,0.183349,0.229676,-2.5376,0.0395762,0,0,0,0
588,196,0.588,0.181747,0.228526,-2.52234,0.040231,0,0,0,0
589,197,0.591,0.176231,0.212566,-2.38902,0.050458,0,0,0,0
590,197,0.591,0.17317,0.209748,-2.36694,0.0525421,0,0,0,0
591,197,0.591,0.170603,0.207805,-2.3505,0.0515679,0,0,0,0
592,198,0.594,0.158145,0.189551,-2.223,0.0324674,0,0,0,0
593,198,0.594,0.154861,0.184616,-2.20094,0.0193316,0,0,0,0
594,198,0.594,0.152151,0.180815,-2.18323,0.0108711,0,0,0,0
595,199,0.597,0.144749,0.163996,-1.95634,0.00107919,0,0,0,0
596,199,0.597,0.141003,0.155268,-1.91781,-0.00778992,0,0,0,0
597,199,0.597,0.138,0.148599,-1.88848,-0.0125026,0,0,0,0
598,200,0.6,0.0494367,0.0286592,-1.0335,-0.0188218,0,0,0,0
599,200,0.6,0.0446398,0.0218796,-1.022,-0.0269138,0,0,0,0
600,200,0.6,0.0413255,0.0164288,-1.01296,-0.0332309,0,0,0,0
601,201,0.603,0.033866,-0.00428353,-0.928646,-0.0585458,0,0,0,0
602,201,0.603,0.0350237,-0.00955785,-0.917325,-0.0721995,0,0,0,0
603,201,0.603,0.0359124,-0.0135745,-0.911052,-0.0795184,0,0,0,0
604,202,0.606,0.0287259,-0.0463561,-0.830366,-0.0923986,0,0,0,0
605,202,0.606,0.0310799,-0.0503199,-0.83347,-0.0995495,0,0,0,0
606,202,0.606,0.0331931,-0.0531432,-0.838354,-0.103205,0,0,0,0
607,203,0.609,0.0321058,-0.0737224,-0.796273,-0.108168,0,0,0,0
608,203,0.609,0.0363214,-0.076112,-0.808199,-0.110664,0,0,0,0
609,203,0.609,0.0397693,-0.0775991,-0.819345,-0.111777,0,0,0,0
610,204,0.612,0.0450778,-0.0842144,-0.796992,-0.099399,0,0,0,0
611,204,0.612,0.0482136,-0.0848129,-0.813579,-0.0938844,0,0,0,0
612,204,0.612,0.0509304,-0.085148,-0.82816,-0.0915455,0,0,0,0
613,205,0.615,0.0580672,-0.0900909,-0.821285,-0.0940024,0,0,0,0
614,205,0.615,0.0614605,-0.0906149,-0.840718,-0.0961507,0,0,0,0
615,205,0.615,0.0641909,-0.0908875,-0.857284,-0.097708,0,0,0,0
616,206,0.618,0.0695689,-0.0890824,-0.863991,-0.105742,0,0,0,0
617,206,0.618,0.0739831,-0.0875875,-0.888351,-0.110289,0,0,0,0
618,206,0.618,0.0775211,-0.0862843,-0.908227,-0.1128,0,0,0,0
619,207,0.621,0.086195,-0.0851668,-0.924831,-0.118921,0,0,0,0
620,207,0.621,0.0903446,-0.083591,-0.95286,-0.122769,0,0,0,0
621,207,0.621,0.0937371,-0.0823228,-0.975641,-0.125068,0,0,0,0
622,208,0.624,0.0973034,-0.0866207,-1.00101,-0.130626,0,0,0,0
623,208,0.624,0.101116,-0.0854431,-1.03036,-0.133539,0,0,0,0
624,208,0.624,0.104265,-0.0844719,-1.0537,-0.135245,0,0,0,0
625,209,0.627,0.112733,-0.0815297,-1.07912,-0.132103,0,0,0,0
626,209,0.627,0.116874,-0.079856,-1.10666,-0.131031,0,0,0,0
627,209,0.627,0.120113,-0.0785093,-1.12851,-0.130866,0,0,0,0
628,210,0.63,0.119978,-0.0797836,-1.15366,-0.126326,0,0,0,0
629,210,0.63,0.12211,-0.0785391,-1.17852,-0.124631,0,0,0,0
630,210,0.63,0.123558,-0.0775595,-1.19789,-0.124166,0,0,0,0
631,211,0.633,0.127879,-0.078902,-1.22001,-0.116713,0,0,0,0
632,211,0.633,0.131131,-0.0774841,-1.2416,-0.114286,0,0,0,0
633,211,0.633,0.13366,-0.0763095,-1.25838,-0.113764,0,0,0,0
634,212,0.636,0.141162,-0.0751397,-1.27999,-0.110513,0,0,0,0
635,212,0.636,0.144981,-0.0732425,-1.30022,-0.109865,0,0,0,0
636,212,0.636,0.147958,-0.0716824,-1.31563,-0.110248,0,0,0,0
637,213,0.639,0.15221,-0.0685673,-1.33827,-0.10728,0,0,0,0
638,213,0.639,0.156107,-0.0656466,-1.35885,-0.107207,0,0,0,0
639,213,0.639,0.159124,-0.0633085,-1.37435,-0.107789,0,0,0,0
640,214,0.642,0.163782,-0.0601992,-1.39506,-0.101823,0,0,0,0
641,214,0.642,0.167636,-0.0588222,-1.41333,-0.099967,0,0,0,0
642,214,0.642,0.170594,-0.0576759,-1.42722,-0.0997433,0,0,0,0
643,215,0.645,0.174381,-0.0559473,-1.44682,-0.0962358,0,0,0,0
644,215,0.645,0.177344,-0.0537893,-1.46361,-0.0954197,0,0,0,0
645,215,0.645,0.179634,-0.0519658,-1.47627,-0.0956592,0,0,0,0
646,216,0.648,0.18271,-0.0492142,-1.49643,-0.0933202,0,0,0,0
647,216,0.648,0.185593,-0.0467174,-1.51328,-0.093155,0,0,0,0
648,216,0.648,0.187859,-0.0446104,-1.52582,-0.0937283,0,0,0,0
649,217,0.651,0.19044,-0.0413389,-1.54778,-0.0921866,0,0,0,0
650,217,0.651,0.192924,-0.0384247,-1.56621,-0.0923249,0,0,0,0
651,217,0.651,0.194896,-0.0359895,-1.57974,-0.0930033,0,0,0,0
652,218,0.654,0.200476,-0.0318701,-1.59991,-0.0859025,0,0,0,0
653,218,0.654,0.204249,-0.0289828,-1.61586,-0.0835942,0,0,0,0
654,218,0.654,0.207055,-0.0265101,-1.62767,-0.0831046,0,0,0,0
655,219,0.657,0.21138,-0.0213561,-1.65096,-0.0802441,0,0,0,0
656,219,0.657,0.214638,-0.018317,-1.6695,-0.0796854,0,0,0,0
657,219,0.657,0.217058,-0.015716,-1.68298,-0.080015,0,0,0,0
658,220,0.66,0.220022,-0.0130593,-1.70224,-0.075088,0,0,0,0
659,220,0.66,0.222456,-0.0098627,-1.7174,-0.0735464,0,0,0,0
660,220,0.66,0.224317,-0.00710391,-1.72861,-0.0733731,0,0,0,0
661,221,0.663,0.226061,-0.000681523,-1.74823,-0.0735478,0,0,0,0
662,221,0.663,0.228313,0.00340486,-1.76383,-0.0743387,0,0,0,0
663,221,0.663,0.229979,0.00671054,-1.77529,-0.0752388,0,0,0,0
664,222,0.666,0.23409,0.0106221,-1.79766,-0.0713299,0,0,0,0
665,222,0.666,0.237137,0.0141929,-1.81507,-0.0700022,0,0,0,0
666,222,0.666,0.239297,0.0172188,-1.82773,-0.0698062,0,0,0,0
667,223,0.669,0.241801,0.0230648,-1.84929,-0.0686143,0,0,0,0
668,223,0.669,0.243858,0.0273629,-1.86604,-0.0685537,0,0,0,0
669,223,0.669,0.245293,0.0310008,-1.87829,-0.0689465,0,0,0,0
670,224,0.672,0.246175,0.0340783,-1.89986,-0.0652899,0,0,0,0
671,224,0.672,0.247289,0.0378319,-1.91658,-0.063963,0,0,0,0
672,224,0.672,0.248123,0.0410071,-1.92885,-0.0636782,0,0,0,0
673,225,0.675,0.25168,0.04607,-1.94812,-0.0619173,0,0,0,0
674,225,0.675,0.253406,0.0508037,-1.96318,-0.0615214,0,0,0,0
675,225,0.675,0.254588,0.0546592,-1.97446,-0.0617054,0,0,0,0
676,226,0.678,0.255146,0.0622566,-1.99633,-0.0573948,0,0,0,0
677,226,0.678,0.25576,0.0678646,-2.01373,-0.0558791,0,0,0,0
678,226,0.678,0.256063,0.0723496,-2.02662,-0.0555154,0,0,0,0
679,227,0.681,0.25753,0.0783718,-2.04707,-0.0540596,0,0,0,0
680,227,0.681,0.25832,0.0832603,-2.06291,-0.0540473,0,0,0,0
681,227,0.681,0.258805,0.087268,-2.07497,-0.0544301,0,0,0,0
682,228,0.684,0.260236,0.093493,-2.09897,-0.0519785,0,0,0,0
683,228,0.684,0.260989,0.0986365,-2.11724,-0.0509717,0,0,0,0
684,228,0.684,0.261409,0.102872,-2.1308,-0.0507486,0,0,0,0
685,229,0.687,0.263045,0.109794,-2.15277,-0.0481599,0,0,0,0
686,229,0.687,0.263574,0.114967,-2.1697,-0.0473084,0,0,0,0
687,229,0.687,0.263801,0.119131,-2.18252,-0.0471509,0,0,0,0
688,230,0.69,0.264558,0.126173,-2.20683,-0.048466,0,0,0,0
689,230,0.69,0.264586,0.131391,-2.22624,-0.0494155,0,0,0,0
690,230,0.69,0.264436,0.135663,-2.24084,-0.0501614,0,0,0,0
691,231,0.693,0.265085,0.141371,-2.26128,-0.0461755,0,0,0,0
692,231,0.693,0.265469,0.146635,-2.2777,-0.0447108,0,0,0,0
693,231,0.693,0.265505,0.150896,-2.29045,-0.044156,0,0,0,0
694,232,0.696,0.263573,0.154442,-2.31373,-0.0370821,0,0,0,0
695,232,0.696,0.262206,0.157926,-2.33225,-0.0334497,0,0,0,0
696,232,0.696,0.260911,0.160985,-2.34647,-0.0318412,0,0,0,0
697,233,0.699,0.261078,0.166886,-2.37108,-0.0355735,0,0,0,0
698,233,0.699,0.260346,0.171338,-2.39063,-0.0375526,0,0,0,0
699,233,0.699,0.259563,0.174982,-2.40566,-0.0386861,0,0,0,0
700,234,0.702,0.255541,0.179447,-2.42625,-0.0401038,0,0,0,0
701,234,0.702,0.253267,0.183474,-2.44353,-0.0409824,0,0,0,0
702,234,0.702,0.251333,0.186813,-2.45722,-0.0415127,0,0,0,0
703,235,0.705,0.249111,0.193566,-2.47838,-0.0313857,0,0,0,0
704,235,0.705,0.246387,0.198529,-2.49597,-0.0262634,0,0,0,0
705,235,0.705,0.244203,0.202562,-2.50994,-0.0236577,0,0,0,0
706,236,0.708,0.240299,0.206647,-2.5341,-0.0271065,0,0,0,0
707,236,0.708,0.237584,0.210642,-2.55415,-0.0286247,0,0,0,0
708,236,0.708,0.235278,0.214002,-2.56991,-0.0294359,0,0,0,0
709,237,0.711,0.234746,0.219361,-2.59194,-0.0271531,0,0,0,0
710,237,0.711,0.233657,0.224039,-2.61072,-0.0258991,0,0,0,0
711,237,0.711,0.232561,0.227827,-2.62572,-0.0252102,0,0,0,0
712,238,0.714,0.231352,0.234713,-2.64637,-0.0137261,0,0,0,0
713,238,0.714,0.229644,0.239795,-2.66411,-0.00846313,0,0,0,0
714,238,0.714,0.2281,0.243871,-2.67846,-0.00574465,0,0,0,0
715,239,0.717,0.225811,0.250145,-2.70142,-0.0140044,0,0,0,0
716,239,0.717,0.224206,0.255015,-2.72086,-0.0179873,0,0,0,0
717,239,0.717,0.222757,0.258971,-2.73647,-0.0199253,0,0,0,0
718,240,0.72,0.221401,0.261484,-2.757,-0.0236862,0,0,0,0
719,240,0.72,0.2195,0.263703,-2.77504,-0.0253327,0,0,0,0
720,240,0.72,0.217757,0.265673,-2.78979,-0.0261067,0,0,0,0
721,241,0.723,0.21415,0.267533,-2.80884,-0.0251495,0,0,0,0
722,241,0.723,0.211133,0.26979,-2.82619,-0.0240476,0,0,0,0
723,241,0.723,0.208525,0.271781,-2.84058,-0.0234298,0,0,0,0
724,242,0.726,0.201181,0.271544,-2.85878,-0.0167183,0,0,0,0
725,242,0.726,0.197016,0.272675,-2.87618,-0.0129579,0,0,0,0
726,242,0.726,0.193613,0.273892,-2.89069,-0.0109864,0,0,0,0
727,243,0.729,0.19263,0.281595,-2.91011,-0.0126336,0,0,0,0
728,243,0.729,0.189958,0.286079,-2.92845,-0.0130957,0,0,0,0
729,243,0.729,0.187638,0.289627,-2.94367,-0.0132325,0,0,0,0
730,244,0.732,0.182391,0.29581,-2.95927,-0.00679387,0,0,0,0
731,244,0.732,0.178214,0.301449,-2.97527,-0.0032966,0,0,0,0
732,244,0.732,0.174826,0.305897,-2.98899,-0.00145393,0,0,0,0
733,245,0.735,0.174864,0.312828,-3.00562,-0.00121757,0,0,0,0
734,245,0.735,0.173637,0.316608,-3.02258,-0.000856288,0,0,0,0
735,245,0.735,0.17237,0.319573,-3.03697,-0.000540289,0,0,0,0
736,246,0.738,0.168735,0.323195,-3.05351,-0.00144173,0,0,0,0
737,246,0.738,0.165485,0.327596,-3.07051,-0.00147203,0,0,0,0
738,246,0.738,0.162736,0.331162,-3.08498,-0.00138101,0,0,0,0
739,247,0.741,0.154564,0.335004,-3.10338,0.00146086,0,0,0,0
740,247,0.741,0.148385,0.337636,-3.12186,0.00330879,0,0,0,0
741,247,0.741,0.143391,0.339845,-3.13736,0.00425805,0,0,0,0
742,248,0.744,0.138574,0.339685,-3.1497,0.00575883,0,0,0,0
743,248,0.744,0.133735,0.339862,-3.1649,0.00694428,0,0,0,0
744,248,0.744,0.129726,0.340289,-3.17818,0.00771833,0,0,0,0
745,249,0.747,0.123141,0.343151,-3.19183,0.0125138,0,0,0,0
746,249,0.747,0.118136,0.345807,-3.20773,0.0162197,0,0,0,0
747,249,0.747,0.114102,0.347993,-3.22144,0.0182067,0,0,0,0
748,250,0.75,0.110018,0.35147,-3.23157,0.0101338,0,0,0,0
749,250,0.75,0.105693,0.354667,-3.24625,0.00619122,0,0,0,0
750,250,0.75,0.10204,0.357173,-3.2591,0.00439586,0,0,0,0
751,251,0.753,0.101124,0.359748,-3.2697,0.013623,0,0,0,0
752,251,0.753,0.0994974,0.362171,-3.28377,0.0189624,0,0,0,0
753,251,0.753,0.0978694,0.364124,-3.29615,0.0217743,0,0,0,0
754,252,0.756,0.0934168,0.363698,-3.30329,0.0160658,0,0,0,0
755,252,0.756,0.0907492,0.364458,-3.31692,0.0142146,0,0,0,0
756,252,0.756,0.0883368,0.36516,-3.32903,0.0134658,0,0,0,0
757,253,0.759,0.0895618,0.366739,-3.33286,0.0121367,0,0,0,0
758,253,0.759,0.087934,0.368217,-3.34365,0.0119889,0,0,0,0
759,253,0.759,0.0863702,0.369408,-3.35362,0.0121463,0,0,0,0
760,254,0.762,0.082492,0.370216,-3.35476,0.0186586,0,0,0,0
761,254,0.762,0.0799149,0.371525,-3.36435,0.0225558,0,0,0,0
762,254,0.762,0.0777391,0.372657,-3.37336,0.0246415,0,0,0,0
763,255,0.765,0.0655584,0.363644,-3.36945,0.0277769,0,0,0,0
764,255,0.765,0.0588045,0.361172,-3.37655,0.030124,0,0,0,0
765,255,0.765,0.053455,0.359393,-3.38353,0.0314674,0,0,0,0
766,256,0.768,0.0460769,0.359241,-3.37518,0.0251012,0,0,0,0
767,256,0.768,0.0404393,0.359054,-3.38006,0.0221931,0,0,0,0
768,256,0.768,0.0358585,0.358503,-3.3853,0.0202573,0,0,0,0
769,257,0.771,0.0320664,0.354185,-3.3704,0.0234347,0,0,0,0
770,257,0.771,0.0279683,0.353655,-3.37303,0.0263544,0,0,0,0
771,257,0.771,0.0245603,0.353155,-3.37634,0.0279183,0,0,0,0
772,258,0.774,0.021198,0.353692,-3.35744,0.0297157,0,0,0,0
773,258,0.774,0.0180233,0.353672,-3.36024,0.0312431,0,0,0,0
774,258,0.774,0.0153088,0.353647,-3.36375,0.0320175,0,0,0,0
775,259,0.777,0.0128538,0.355847,-3.33646,0.0318873,0,0,0,0
776,259,0.777,0.00997874,0.354978,-3.33526,0.0322118,0,0,0,0
777,259,0.777,0.00762027,0.354229,-3.33569,0.0323068,0,0,0,0
778,260,0.78,0.00512069,0.345827,-3.30163,0.0301897,0,0,0,0
779,260,0.78,0.00258584,0.342003,-3.29973,0.0290676,0,0,0,0
780,260,0.78,0.00041978,0.338978,-3.29938,0.0282848,0,0,0,0
781,261,0.783,-0.00453201,0.341013,-3.24026,0.0306807,0,0,0,0
782,261,0.783,-0.0063208,0.338393,-3.2331,0.0317458,0,0,0,0
783,261,0.783,-0.00784977,0.336234,-3.22847,0.0319682,0,0,0,0
784,262,0.786,-0.0102733,0.318203,-3.13318,0.0310552,0,0,0,0
785,262,0.786,-0.0134313,0.313577,-3.11948,0.029825,0,0,0,0
786,262,0.786,-0.0157488,0.30978,-3.1105,0.0288033,0,0,0,0
787,263,0.789,-0.0125489,0.299625,-2.96826,0.0302283,0,0,0,0
788,263,0.789,-0.0128281,0.295375,-2.94891,0.030579,0,0,0,0
789,263,0.789,-0.0129369,0.29192,-2.9358,0.0297412,0,0,0,0
790,264,0.792,-0.0117549,0.275809,-2.77381,0.0266626,0,0,0,0
791,264,0.792,-0.0124995,0.269908,-2.75222,0.0230311,0,0,0,0
792,264,0.792,-0.0130861,0.265206,-2.73664,0.0197336,0,0,0,0
793,265,0.795,-0.00790404,0.24822,-2.57177,0.0162341,0,0,0,0
794,265,0.795,-0.0080349,0.240705,-2.5461,0.0112113,0,0,0,0
795,265,0.795,-0.0081009,0.234894,-2.52612,0.00700103,0,0,0,0
796,266,0.798,-0.00303524,0.216082,-2.15152,0.0106081,0,0,0,0
797,266,0.798,-0.00296543,0.206978,-2.10049,0.0109951,0,0,0,0
798,266,0.798,-0.00305147,0.199796,-2.06193,0.00967322,0,0,0,0
799,267,0.801,-0.0302557,0.0602191,-1.28188,0.00225561,0,0,0,0
800,267,0.801,-0.0317725,0.0460505,-1.23943,-0.0059247,0,0,0,0
801,267,0.801,-0.0326405,0.0355892,-1.21058,-0.0117721,0,0,0,0
802,268,0.804,-0.0267154,-0.00943855,-1.07774,-0.030331,0,0,0,0
803,268,0.804,-0.0220354,-0.016077,-1.06434,-0.0418626,0,0,0,0
804,268,0.804,-0.0184387,-0.0212265,-1.05695,-0.0486766,0,0,0,0
805,269,0.807,-0.00818871,-0.047736,-0.97364,-0.0626645,0,0,0,0
806,269,0.807,-0.00376786,-0.0534296,-0.974319,-0.0705604,0,0,0,0
807,269,0.807,-0.00035066,-0.0577027,-0.977084,-0.0750837,0,0,0,0
808,270,0.81,0.00363466,-0.0696405,-0.927654,-0.079498,0,0,0,0
809,270,0.81,0.00812485,-0.0718674,-0.935016,-0.0830979,0,0,0,0
810,270,0.81,0.0117595,-0.0735217,-0.942742,-0.0855437,0,0,0,0
811,271,0.813,0.0199095,-0.0855705,-0.916888,-0.0883741,0,0,0,0
812,271,0.813,0.0239075,-0.0866013,-0.930072,-0.091055,0,0,0,0
813,271,0.813,0.0269558,-0.0874079,-0.941726,-0.0931021,0,0,0,0
814,272,0.816,0.0347644,-0.0913726,-0.93547,-0.0959615,0,0,0,0
815,272,0.816,0.0378624,-0.0918915,-0.952962,-0.0987752,0,0,0,0
816,272,0.816,0.0402811,-0.0923431,-0.967517,-0.100833,0,0,0,0
817,273,0.819,0.0487888,-0.0937383,-0.972776,-0.103708,0,0,0,0
818,273,0.819,0.0536493,-0.0935238,-0.995149,-0.106205,0,0,0,0
819,273,0.819,0.057366,-0.0933753,-1.0132,-0.107949,0,0,0,0
820,274,0.822,0.0652463,-0.0957545,-1.03223,-0.111161,0,0,0,0
821,274,0.822,0.0697571,-0.0949513,-1.06025,-0.112904,0,0,0,0
822,274,0.822,0.0731518,-0.0944278,-1.0823,-0.113494,0,0,0,0
823,275,0.825,0.0791301,-0.0959645,-1.10565,-0.114706,0,0,0,0
824,275,0.825,0.0828239,-0.0950984,-1.13434,-0.115852,0,0,0,0
825,275,0.825,0.0857559,-0.0944013,-1.1567,-0.11681,0,0,0,0
826,276,0.828,0.08865,-0.0930331,-1.17935,-0.111276,0,0,0,0
827,276,0.828,0.0919188,-0.0925794,-1.20334,-0.109447,0,0,0,0
828,276,0.828,0.0944693,-0.0922964,-1.2221,-0.109104,0,0,0,0
829,277,0.831,0.0961721,-0.0939769,-1.2451,-0.105128,0,0,0,0
830,277,0.831,0.0983879,-0.0930435,-1.26787,-0.103936,0,0,0,0
831,277,0.831,0.10009,-0.0923794,-1.28542,-0.103925,0,0,0,0
832,278,0.834,0.103848,-0.090699,-1.30617,-0.103319,0,0,0,0
833,278,0.834,0.10675,-0.0892666,-1.326,-0.104168,0,0,0,0
834,278,0.834,0.108927,-0.0881888,-1.34125,-0.105275,0,0,0,0
835,279,0.837,0.114164,-0.0862793,-1.36291,-0.100246,0,0,0,0
836,279,0.837,0.11778,-0.0852115,-1.3829,-0.0988245,0,0,0,0
837,279,0.837,0.120446,-0.0843546,-1.39803,-0.0987713,0,0,0,0
838,280,0.84,0.126262,-0.0825448,-1.4193,-0.0951097,0,0,0,0
839,280,0.84,0.129776,-0.0805504,-1.4386,-0.0938862,0,0,0,0
840,280,0.84,0.132406,-0.0790424,-1.45309,-0.0939185,0,0,0,0
841,281,0.843,0.137375,-0.0767466,-1.47288,-0.0877466,0,0,0,0
842,281,0.843,0.141022,-0.0757762,-1.49031,-0.0856808,0,0,0,0
843,281,0.843,0.143759,-0.0750264,-1.50342,-0.0853416,0,0,0,0
844,282,0.846,0.14443,-0.0729296,-1.52295,-0.0804051,0,0,0,0
845,282,0.846,0.146705,-0.070535,-1.53957,-0.079324,0,0,0,0
846,282,0.846,0.148459,-0.0686655,-1.55198,-0.0794248,0,0,0,0
847,283,0.849,0.151187,-0.0668842,-1.57505,-0.0784409,0,0,0,0
848,283,0.849,0.153684,-0.0648928,-1.5945,-0.0788757,0,0,0,0
849,283,0.849,0.155656,-0.063252,-1.60872,-0.0797194,0,0,0,0
850,284,0.852,0.160391,-0.0594771,-1.62953,-0.0742325,0,0,0,0
851,284,0.852,0.163882,-0.057169,-1.64611,-0.0726077,0,0,0,0
852,284,0.852,0.166516,-0.0553145,-1.65835,-0.0725003,0,0,0,0
853,285,0.855,0.169962,-0.0517668,-1.67788,-0.0698485,0,0,0,0
854,285,0.855,0.172859,-0.0491027,-1.69354,-0.0693489,0,0,0,0
855,285,0.855,0.175069,-0.0468927,-1.70516,-0.0697502,0,0,0,0
856,286,0.858,0.179836,-0.0435332,-1.72849,-0.0683611,0,0,0,0
857,286,0.858,0.182979,-0.0406197,-1.74672,-0.0684554,0,0,0,0
858,286,0.858,0.185329,-0.0381617,-1.75997,-0.0690501,0,0,0,0
859,287,0.861,0.187044,-0.033439,-1.78065,-0.0663777,0,0,0,0
860,287,0.861,0.189098,-0.0300012,-1.79701,-0.0657436,0,0,0,0
861,287,0.861,0.190657,-0.0272446,-1.80899,-0.0659421,0,0,0,0
862,288,0.864,0.193959,-0.0222976,-1.8309,-0.0638134,0,0,0,0
863,288,0.864,0.196368,-0.0190337,-1.84778,-0.0637051,0,0,0,0
864,288,0.864,0.198147,-0.0163097,-1.86013,-0.0641269,0,0,0,0
865,289,0.867,0.200865,-0.0115484,-1.88163,-0.0619217,0,0,0,0
866,289,0.867,0.203326,-0.00783755,-1.89834,-0.0612096,0,0,0,0
867,289,0.867,0.205136,-0.00475667,-1.91059,-0.0612858,0,0,0,0
868,290,0.87,0.208354,-0.000137104,-1.93231,-0.0578084,0,0,0,0
869,290,0.87,0.210613,0.00393541,-1.94931,-0.0568014,0,0,0,0
870,290,0.87,0.212197,0.00735573,-1.9618,-0.0567685,0,0,0,0
871,291,0.873,0.215475,0.010703,-1.98521,-0.0525135,0,0,0,0
872,291,0.873,0.217632,0.0146263,-2.00307,-0.0507811,0,0,0,0
873,291,0.873,0.219225,0.017926,-2.01613,-0.050366,0,0,0,0
874,292,0.876,0.222774,0.0239025,-2.03732,-0.0481021,0,0,0,0
875,292,0.876,0.224447,0.0291177,-2.05382,-0.0476768,0,0,0,0
876,292,0.876,0.225578,0.0332981,-2.06613,-0.0478482,0,0,0,0
877,293,0.879,0.225926,0.0408121,-2.08927,-0.0481326,0,0,0,0
878,293,0.879,0.226315,0.0461434,-2.10744,-0.0492074,0,0,0,0
879,293,0.879,0.22651,0.0504708,-2.12087,-0.0500853,0,0,0,0
880,294,0.882,0.227931,0.0558163,-2.14055,-0.0471741,0,0,0,0
881,294,0.882,0.228947,0.0602564,-2.1559,-0.0460185,0,0,0,0
882,294,0.882,0.229593,0.0640312,-2.16765,-0.0457608,0,0,0,0
883,295,0.885,0.231421,0.0698928,-2.19172,-0.0403956,0,0,0,0
884,295,0.885,0.232483,0.0751536,-2.2101,-0.0381019,0,0,0,0
885,295,0.885,0.233147,0.0794536,-2.22384,-0.0372191,0,0,0,0
886,296,0.888,0.23585,0.0867692,-2.2498,-0.0369648,0,0,0,0
887,296,0.888,0.236883,0.0919096,-2.26989,-0.0369697,0,0,0,0
888,296,0.888,0.237513,0.0961511,-2.28492,-0.0372287,0,0,0,0
889,297,0.891,0.239459,0.103556,-2.30758,-0.035626,0,0,0,0
890,297,0.891,0.239892,0.108962,-2.3256,-0.0349135,0,0,0,0
891,297,0.891,0.240028,0.113423,-2.33946,-0.0348272,0,0,0,0
892,298,0.894,0.241343,0.120076,-2.36045,-0.034837,0,0,0,0
893,298,0.894,0.242099,0.125924,-2.37718,-0.0352534,0,0,0,0
894,298,0.894,0.242376,0.130658,-2.39033,-0.0356649,0,0,0,0
895,299,0.897,0.240097,0.135007,-2.41577,-0.0282621,0,0,0,0
896,299,0.897,0.238287,0.139369,-2.43585,-0.0247319,0,0,0,0
897,299,0.897,0.236705,0.143154,-2.45129,-0.0232052,0,0,0,0
898,300,0.9,0.234539,0.148731,-2.47746,-0.0275067,0,0,0,0
899,300,0.9,0.233218,0.153617,-2.49838,-0.0296607,0,0,0,0
900,300,0.9,0.231963,0.157686,-2.51456,-0.0307277,0,0,0,0
901,301,0.903,0.227562,0.166772,-2.53717,-0.0294166,0,0,0,0
902,301,0.903,0.224393,0.17282,-2.55577,-0.028757,0,0,0,0
903,301,0.903,0.221889,0.177717,-2.57059,-0.0285166,0,0,0,0
904,302,0.906,0.220404,0.183072,-2.59427,-0.0302919,0,0,0,0
905,302,0.906,0.218379,0.187884,-2.61419,-0.0308977,0,0,0,0
906,302,0.906,0.21663,0.191887,-2.63002,-0.0312999,0,0,0,0
907,303,0.909,0.212712,0.195936,-2.65501,-0.0286625,0,0,0,0
908,303,0.909,0.210593,0.200357,-2.6761,-0.0273067,0,0,0,0
909,303,0.909,0.208692,0.204154,-2.69287,-0.0267101,0,0,0,0
910,304,0.912,0.20922,0.209325,-2.71512,-0.0207029,0,0,0,0
911,304,0.912,0.208722,0.214061,-2.73444,-0.0177247,0,0,0,0
912,304,0.912,0.207948,0.218018,-2.75022,-0.0163055,0,0,0,0
913,305,0.915,0.206578,0.22358,-2.77357,-0.00335065,0,0,0,0
914,305,0.915,0.204587,0.228403,-2.79334,0.00269763,0,0,0,0
915,305,0.915,0.202733,0.232434,-2.8094,0.005618,0,0,0,0
916,306,0.918,0.199471,0.238482,-2.83398,-0.00411178,0,0,0,0
917,306,0.918,0.197022,0.24327,-2.85516,-0.00881664,0,0,0,0
918,306,0.918,0.194901,0.247292,-2.87238,-0.0112068,0,0,0,0
919,307,0.921,0.193581,0.252859,-2.896,-0.0151059,0,0,0,0
920,307,0.921,0.191641,0.257383,-2.91649,-0.0169218,0,0,0,0
921,307,0.921,0.189785,0.261149,-2.93339,-0.0178383,0,0,0,0
922,308,0.924,0.186098,0.263853,-2.95495,-0.021603,0,0,0,0
923,308,0.924,0.182902,0.267506,-2.97473,-0.0230687,0,0,0,0
924,308,0.924,0.180079,0.270678,-2.9913,-0.0237138,0,0,0,0
925,309,0.927,0.177047,0.271337,-3.01302,-0.0107439,0,0,0,0
926,309,0.927,0.174235,0.273227,-3.03354,-0.00372106,0,0,0,0
927,309,0.927,0.171625,0.275139,-3.05063,-0.000189831,0,0,0,0
928,310,0.93,0.167263,0.286881,-3.07206,0.00648853,0,0,0,0
929,310,0.93,0.162907,0.294652,-3.09198,0.00977486,0,0,0,0
930,310,0.93,0.159332,0.300751,-3.10878,0.0113909,0,0,0,0
931,311,0.933,0.153369,0.307645,-3.13011,0.00305771,0,0,0,0
932,311,0.933,0.149005,0.313021,-3.1508,-0.000836462,0,0,0,0
933,311,0.933,0.14535,0.317436,-3.16827,-0.00274754,0,0,0,0
934,312,0.936,0.143665,0.321168,-3.18887,-0.00108995,0,0,0,0
935,312,0.936,0.140871,0.324637,-3.20879,3.99232e-05,0,0,0,0
936,312,0.936,0.13827,0.327641,-3.2258,0.0006646,0,0,0,0
937,313,0.939,0.13329,0.333853,-3.24856,0.00114105,0,0,0,0
938,313,0.939,0.129175,0.339655,-3.27048,0.00180877,0,0,0,0
939,313,0.939,0.12563,0.344357,-3.28893,0.00218296,0,0,0,0
940,314,0.942,0.120085,0.347936,-3.30967,0.00806929,0,0,0,0
941,314,0.942,0.115354,0.349709,-3.3305,0.0115124,0,0,0,0
942,314,0.942,0.111297,0.351354,-3.34825,0.0133195,0,0,0,0
943,315,0.945,0.107392,0.357388,-3.36575,0.00935398,0,0,0,0
944,315,0.945,0.103243,0.362578,-3.38468,0.00802117,0,0,0,0
945,315,0.945,0.099686,0.36676,-3.40122,0.00750861,0,0,0,0
946,316,0.948,0.0896392,0.371917,-3.41924,0.0102505,0,0,0,0
947,316,0.948,0.0822835,0.375971,-3.43895,0.0123457,0,0,0,0
948,316,0.948,0.0762778,0.379348,-3.45598,0.0134666,0,0,0,0
949,317,0.951,0.0686502,0.38379,-3.47291,0.0143506,0,0,0,0
950,317,0.951,0.0628202,0.387299,-3.49169,0.0151031,0,0,0,0
951,317,0.951,0.0578643,0.390164,-3.50812,0.0155412,0,0,0,0
952,318,0.954,0.0588285,0.391235,-3.52278,0.0227807,0,0,0,0
953,318,0.954,0.0575213,0.393638,-3.54125,0.0270201,0,0,0,0
954,318,0.954,0.0559692,0.395658,-3.55735,0.0291518,0,0,0,0
955,319,0.957,0.0538401,0.400752,-3.56921,0.0272232,0,0,0,0
956,319,0.957,0.051382,0.405065,-3.58661,0.0269286,0,0,0,0
957,319,0.957,0.0490432,0.408537,-3.60204,0.0268501,0,0,0,0
958,320,0.96,0.0438872,0.409108,-3.61127,0.0202568,0,0,0,0
959,320,0.96,0.041035,0.410917,-3.62637,0.0173716,0,0,0,0
960,320,0.96,0.0384556,0.412437,-3.64008,0.0160959,0,0,0,0
961,321,0.963,0.0358394,0.409521,-3.64474,0.0188766,0,0,0,0
962,321,0.963,0.0310047,0.409482,-3.65763,0.0207696,0,0,0,0
963,321,0.963,0.0267343,0.409722,-3.66958,0.0218872,0,0,0,0
964,322,0.966,0.0177728,0.406072,-3.67296,0.0254341,0,0,0,0
965,322,0.966,0.012683,0.405304,-3.68596,0.0280731,0,0,0,0
966,322,0.966,0.00850192,0.404786,-3.69771,0.0294816,0,0,0,0
967,323,0.969,0.000741325,0.40995,-3.69536,0.0272823,0,0,0,0
968,323,0.969,-0.00447731,0.412606,-3.70637,0.0265661,0,0,0,0
969,323,0.969,-0.00876925,0.414604,-3.71652,0.0262288,0,0,0,0
970,324,0.972,-0.0127211,0.413759,-3.70883,0.0292211,0,0,0,0
971,324,0.972,-0.0156372,0.414811,-3.71665,0.0311821,0,0,0,0
972,324,0.972,-0.0183435,0.415633,-3.72433,0.0321323,0,0,0,0
973,325,0.975,-0.0244221,0.418505,-3.70955,0.0356369,0,0,0,0
974,325,0.975,-0.0292196,0.417518,-3.71628,0.0380599,0,0,0,0
975,325,0.975,-0.0332687,0.416718,-3.72308,0.0391889,0,0,0,0
976,326,0.978,-0.0345008,0.407478,-3.6992,0.0359112,0,0,0,0
977,326,0.978,-0.0374905,0.404869,-3.70358,0.0343258,0,0,0,0
978,326,0.978,-0.0400566,0.402714,-3.70834,0.0333183,0,0,0,0
979,327,0.981,-0.0419636,0.404586,-3.6731,0.0336882,0,0,0,0
980,327,0.981,-0.0438747,0.403269,-3.67447,0.0338695,0,0,0,0
981,327,0.981,-0.0455689,0.402178,-3.6766,0.0335981,0,0,0,0
982,328,0.984,-0.0541643,0.39342,-3.61326,0.0287066,0,0,0,0
983,328,0.984,-0.0584002,0.390764,-3.60673,0.0260364,0,0,0,0
984,328,0.984,-0.061926,0.388674,-3.603,0.0244946,0,0,0,0
985,329,0.987,-0.0594534,0.38385,-3.49146,0.0265589,0,0,0,0
986,329,0.987,-0.0606235,0.379574,-3.47684,0.0275003,0,0,0,0
987,329,0.987,-0.061632,0.376094,-3.46748,0.0270692,0,0,0,0
988,330,0.99,-0.0517157,0.348313,-3.30476,0.0286956,0,0,0,0
989,330,0.99,-0.0507107,0.34093,-3.28548,0.028256,0,0,0,0
990,330,0.99,-0.0498997,0.335042,-3.27222,0.0267024,0,0,0,0
991,331,0.993,-0.0543093,0.324569,-3.08726,0.0221815,0,0,0,0
992,331,0.993,-0.0544691,0.317547,-3.06449,0.0182274,0,0,0,0
993,331,0.993,-0.0546468,0.312031,-3.04741,0.0150302,0,0,0,0
994,332,0.996,-0.0567495,0.303083,-2.81951,0.0150354,0,0,0,0
995,332,0.996,-0.0587349,0.294717,-2.78475,0.0126146,0,0,0,0
996,332,0.996,-0.060218,0.288184,-2.75779,0.00988505,0,0,0,0
997,333,0.999,-0.0494901,0.232237,-2.16816,0.0216226,0,0,0,0
998,333,0.999,-0.0482964,0.216916,-2.11036,0.0238801,0,0,0,0
999,333,0.999,-0.047595,0.205358,-2.06608,0.0229187,0,0,0,0
1000,334,1.002,-0.0613614,0.107755,-1.45695,0.00029251,0,0,0,0
1001,334,1.002,-0.0603652,0.0977566,-1.41557,-0.0136564,0,0,0,0
1002,334,1.002,-0.0596331,0.0899917,-1.38639,-0.0214317,0,0,0,0
1003,335,1.005,-0.04068,0.0448469,-1.22193,-0.0256092,0,0,0,0
1004,335,1.005,-0.0362407,0.0387599,-1.20086,-0.0317062,0,0,0,0
1005,335,1.005,-0.0328062,0.0341079,-1.18872,-0.0367298,0,0,0,0
1006,336,1.008,-0.0310868,0.00661418,-1.09487,-0.0470705,0,0,0,0
1007,336,1.008,-0.02801,0.00327843,-1.08895,-0.0543791,0,0,0,0
1008,336,1.008,-0.0253854,0.000982616,-1.08725,-0.0591669,0,0,0,0
1009,337,1.011,-0.0209457,-0.0135576,-1.03443,-0.0661663,0,0,0,0
1010,337,1.011,-0.0173766,-0.0150756,-1.03846,-0.0713572,0,0,0,0
1011,337,1.011,-0.0144738,-0.0160272,-1.04357,-0.0751178,0,0,0,0
1012,338,1.014,-0.00425223,-0.0254503,-1.01367,-0.0764923,0,0,0,0
1013,338,1.014,6.11664e-05,-0.0262014,-1.02336,-0.0786597,0,0,0,0
1014,338,1.014,0.00318955,-0.0267522,-1.03233,-0.0807404,0,0,0,0
1015,339,1.017,0.012656,-0.0307779,-1.02376,-0.087361,0,0,0,0
1016,339,1.017,0.0172143,-0.0302564,-1.04133,-0.0918831,0,0,0,0
1017,339,1.017,0.0206936,-0.0297589,-1.05592,-0.0949135,0,0,0,0
1018,340,1.02,0.0287529,-0.0316369,-1.0612,-0.0939191,0,0,0,0
1019,340,1.02,0.032342,-0.031565,-1.08227,-0.0951821,0,0,0,0
1020,340,1.02,0.0350073,-0.0314759,-1.09944,-0.0965954,0,0,0,0
1021,341,1.023,0.0423205,-0.0341543,-1.11688,-0.0983279,0,0,0,0
1022,341,1.023,0.0458616,-0.0339464,-1.14319,-0.0999883,0,0,0,0
1023,341,1.023,0.0485728,-0.033695,-1.16387,-0.101343,0,0,0,0
1024,342,1.026,0.05548,-0.0351603,-1.18518,-0.104243,0,0,0,0
1025,342,1.026,0.0594154,-0.0344452,-1.2116,-0.106496,0,0,0,0
1026,342,1.026,0.062381,-0.0338471,-1.23238,-0.108047,0,0,0,0
1027,343,1.029,0.0629216,-0.0310839,-1.25656,-0.10555,0,0,0,0
1028,343,1.029,0.0654107,-0.0297697,-1.28152,-0.104966,0,0,0,0
1029,343,1.029,0.0673565,-0.0287423,-1.30091,-0.105175,0,0,0,0
1030,344,1.032,0.0696557,-0.0331831,-1.32229,-0.0970114,0,0,0,0
1031,344,1.032,0.0722144,-0.032211,-1.34395,-0.0938593,0,0,0,0
1032,344,1.032,0.0741331,-0.0314012,-1.3608,-0.0928863,0,0,0,0
1033,345,1.035,0.0797514,-0.0285706,-1.38236,-0.0947546,0,0,0,0
1034,345,1.035,0.0830231,-0.0271427,-1.40309,-0.0968092,0,0,0,0
1035,345,1.035,0.0853697,-0.0259745,-1.41877,-0.0984866,0,0,0,0
1036,346,1.038,0.0888926,-0.0226676,-1.44063,-0.0903245,0,0,0,0
1037,346,1.038,0.0924313,-0.0197381,-1.46011,-0.0872996,0,0,0,0
1038,346,1.038,0.0950021,-0.0174897,-1.47491,-0.0864535,0,0,0,0
1039,347,1.041,0.100235,-0.0154427,-1.49632,-0.0812903,0,0,0,0
1040,347,1.041,0.103877,-0.0142233,-1.51583,-0.0796995,0,0,0,0
1041,347,1.041,0.106579,-0.0131653,-1.53052,-0.0796121,0,0,0,0
1042,348,1.044,0.111261,-0.0122413,-1.54959,-0.0758696,0,0,0,0
1043,348,1.044,0.114315,-0.0108265,-1.56601,-0.0747586,0,0,0,0
1044,348,1.044,0.116666,-0.00968204,-1.57855,-0.074912,0,0,0,0
1045,349,1.047,0.117364,-0.00762904,-1.59916,-0.0747243,0,0,0,0
1046,349,1.047,0.119287,-0.0052271,-1.61653,-0.0757719,0,0,0,0
1047,349,1.047,0.120793,-0.00325176,-1.62946,-0.0768567,0,0,0,0
1048,350,1.05,0.12364,0.00100175,-1.65115,-0.0753,0,0,0,0
1049,350,1.05,0.125872,0.00391283,-1.66944,-0.0752799,0,0,0,0
1050,350,1.05,0.127618,0.00627132,-1.68301,-0.0758728,0,0,0,0
1051,351,1.053,0.132096,0.00897722,-1.70513,-0.0724543,0,0,0,0
1052,351,1.053,0.135367,0.0113321,-1.72318,-0.0716232,0,0,0,0
1053,351,1.053,0.137823,0.0133451,-1.73646,-0.0717418,0,0,0,0
1054,352,1.056,0.140449,0.0180059,-1.75948,-0.0701619,0,0,0,0
1055,352,1.056,0.142686,0.0207856,-1.77796,-0.0700164,0,0,0,0
1056,352,1.056,0.144379,0.0230872,-1.79158,-0.0704588,0,0,0,0
1057,353,1.059,0.148849,0.0261069,-1.81234,-0.0649905,0,0,0,0
1058,353,1.059,0.151828,0.0292294,-1.8289,-0.0630099,0,0,0,0
1059,353,1.059,0.154036,0.0318682,-1.8412,-0.0625903,0,0,0,0
1060,354,1.062,0.156487,0.0366098,-1.8598,-0.0554875,0,0,0,0
1061,354,1.062,0.158755,0.0400668,-1.87481,-0.0528818,0,0,0,0
1062,354,1.062,0.160464,0.0428839,-1.88611,-0.0521792,0,0,0,0
1063,355,1.065,0.164817,0.0455728,-1.90987,-0.0522536,0,0,0,0
1064,355,1.065,0.167619,0.0484837,-1.92839,-0.0528286,0,0,0,0
1065,355,1.065,0.169696,0.0509965,-1.94195,-0.0536203,0,0,0,0
1066,356,1.068,0.172033,0.056108,-1.96227,-0.0506252,0,0,0,0
1067,356,1.068,0.174181,0.0599092,-1.97795,-0.0497447,0,0,0,0
1068,356,1.068,0.175753,0.0631015,-1.98972,-0.0497878,0,0,0,0
1069,357,1.071,0.178496,0.0680523,-2.00921,-0.0481537,0,0,0,0
1070,357,1.071,0.180408,0.0719698,-2.02469,-0.0478912,0,0,0,0
1071,357,1.071,0.181807,0.0752876,-2.03634,-0.048196,0,0,0,0
1072,358,1.074,0.184879,0.0786207,-2.05822,-0.0463041,0,0,0,0
1073,358,1.074,0.186553,0.0823744,-2.07543,-0.0459825,0,0,0,0
1074,358,1.074,0.187839,0.0856032,-2.0882,-0.0461965,0,0,0,0
1075,359,1.077,0.191138,0.0912179,-2.10845,-0.0433376,0,0,0,0
1076,359,1.077,0.192918,0.0964064,-2.1244,-0.0426631,0,0,0,0
1077,359,1.077,0.194135,0.100601,-2.13652,-0.0427413,0,0,0,0
1078,360,1.08,0.192438,0.106971,-2.16068,-0.038895,0,0,0,0
1079,360,1.08,0.192967,0.111652,-2.17961,-0.0375786,0,0,0,0
1080,360,1.08,0.193325,0.115652,-2.19367,-0.0373492,0,0,0,0
1081,361,1.083,0.194097,0.121301,-2.21466,-0.0384945,0,0,0,0
1082,361,1.083,0.194426,0.126081,-2.231,-0.0395778,0,0,0,0
1083,361,1.083,0.194625,0.130067,-2.2435,-0.0404395,0,0,0,0
1084,362,1.086,0.198756,0.137343,-2.26729,-0.0356559,0,0,0,0
1085,362,1.086,0.200706,0.142665,-2.28586,-0.0336126,0,0,0,0
1086,362,1.086,0.202032,0.147049,-2.29988,-0.0329066,0,0,0,0
1087,363,1.089,0.203714,0.154593,-2.32429,-0.0336283,0,0,0,0
1088,363,1.089,0.204861,0.160103,-2.34344,-0.034114,0,0,0,0
1089,363,1.089,0.205646,0.164699,-2.358,-0.0346143,0,0,0,0
1090,364,1.092,0.206315,0.170982,-2.38039,-0.0322451,0,0,0,0
1091,364,1.092,0.206992,0.176427,-2.39863,-0.031636,0,0,0,0
1092,364,1.092,0.207335,0.180954,-2.41277,-0.031582,0,0,0,0
1093,365,1.095,0.206208,0.182718,-2.43561,-0.0236061,0,0,0,0
1094,365,1.095,0.205021,0.186111,-2.45372,-0.0198388,0,0,0,0
1095,365,1.095,0.20393,0.189286,-2.46788,-0.0181942,0,0,0,0
1096,366,1.098,0.20332,0.194332,-2.49179,-0.0230088,0,0,0,0
1097,366,1.098,0.202439,0.199284,-2.51101,-0.0255357,0,0,0,0
1098,366,1.098,0.20163,0.20349,-2.52606,-0.0269647,0,0,0,0
1099,367,1.101,0.200303,0.211707,-2.54947,-0.0265009,0,0,0,0
1100,367,1.101,0.199361,0.217221,-2.56882,-0.0263885,0,0,0,0
1101,367,1.101,0.198491,0.221791,-2.58414,-0.0265159,0,0,0,0
1102,368,1.104,0.196238,0.230221,-2.60643,-0.0221713,0,0,0,0
1103,368,1.104,0.194609,0.235935,-2.62525,-0.0200617,0,0,0,0
1104,368,1.104,0.193268,0.240717,-2.64036,-0.0191458,0,0,0,0
1105,369,1.107,0.191598,0.246097,-2.66353,-0.0206562,0,0,0,0
1106,369,1.107,0.189725,0.251235,-2.68351,-0.021705,0,0,0,0
1107,369,1.107,0.188033,0.255606,-2.69954,-0.0223162,0,0,0,0
1108,370,1.11,0.18555,0.260953,-2.72111,-0.0240107,0,0,0,0
1109,370,1.11,0.18409,0.26578,-2.73948,-0.0245687,0,0,0,0
1110,370,1.11,0.182725,0.26991,-2.75463,-0.0248949,0,0,0,0
1111,371,1.113,0.183792,0.274893,-2.77766,-0.0181596,0,0,0,0
1112,371,1.113,0.183545,0.280072,-2.79738,-0.0148091,0,0,0,0
1113,371,1.113,0.183029,0.284447,-2.81349,-0.0132174,0,0,0,0
1114,372,1.116,0.181766,0.292594,-2.83661,-0.00252272,0,0,0,0
1115,372,1.116,0.18066,0.299377,-2.85664,0.00248371,0,0,0,0
1116,372,1.116,0.1795,0.304948,-2.87302,0.00489645,0,0,0,0
1117,373,1.119,0.179172,0.311052,-2.89803,-0.00252437,0,0,0,0
1118,373,1.119,0.177697,0.316361,-2.92002,-0.00615319,0,0,0,0
1119,373,1.119,0.176281,0.320847,-2.9379,-0.00804039,0,0,0,0
1120,374,1.122,0.175018,0.324445,-2.96113,-0.0111127,0,0,0,0
1121,374,1.122,0.172959,0.327996,-2.98138,-0.0120527,0,0,0,0
1122,374,1.122,0.171009,0.331168,-2.99823,-0.0125436,0,0,0,0
1123,375,1.125,0.16673,0.33291,-3.01973,-0.0130908,0,0,0,0
1124,375,1.125,0.163951,0.336165,-3.03969,-0.0131128,0,0,0,0
1125,375,1.125,0.161502,0.33917,-3.05653,-0.0131033,0,0,0,0
1126,376,1.128,0.158166,0.346561,-3.0782,-0.00367406,0,0,0,0
1127,376,1.128,0.154472,0.351422,-3.09805,0.00124501,0,0,0,0
1128,376,1.128,0.151364,0.355544,-3.11486,0.00369194,0,0,0,0
1129,377,1.131,0.146133,0.361545,-3.13467,0.00476626,0,0,0,0
1130,377,1.131,0.141124,0.366914,-3.15409,0.00548198,0,0,0,0
1131,377,1.131,0.136999,0.371408,-3.1707,0.00591269,0,0,0,0
1132,378,1.134,0.135576,0.37864,-3.19038,0.00595924,0,0,0,0
1133,378,1.134,0.133932,0.384412,-3.21005,0.0064126,0,0,0,0
1134,378,1.134,0.132242,0.38914,-3.22694,0.00670408,0,0,0,0
1135,379,1.137,0.127246,0.397213,-3.24709,0.00603551,0,0,0,0
1136,379,1.137,0.123198,0.40362,-3.26705,0.00610245,0,0,0,0
1137,379,1.137,0.119725,0.408885,-3.28419,0.00617338,0,0,0,0
1138,380,1.14,0.113158,0.414974,-3.30568,0.00701535,0,0,0,0
1139,380,1.14,0.107896,0.419871,-3.32673,0.00756376,0,0,0,0
1140,380,1.14,0.10345,0.423969,-3.34474,0.00788874,0,0,0,0
1141,381,1.143,0.0998434,0.427391,-3.36361,0.012099,0,0,0,0
1142,381,1.143,0.095139,0.430325,-3.38325,0.0144662,0,0,0,0
1143,381,1.143,0.0911167,0.432976,-3.40032,0.0157611,0,0,0,0
1144,382,1.146,0.0854492,0.435679,-3.41704,0.0132943,0,0,0,0
1145,382,1.146,0.0816949,0.439666,-3.4358,0.0127134,0,0,0,0
1146,382,1.146,0.0784108,0.443038,-3.45226,0.0125613,0,0,0,0
1147,383,1.149,0.0731978,0.447992,-3.46874,0.0193129,0,0,0,0
1148,383,1.149,0.068073,0.451991,-3.48702,0.0229811,0,0,0,0
1149,383,1.149,0.063602,0.455368,-3.50309,0.0248384,0,0,0,0
1150,384,1.152,0.0566384,0.457666,-3.51751,0.0201114,0,0,0,0
1151,384,1.152,0.0511706,0.461055,-3.53457,0.0185266,0,0,0,0
1152,384,1.152,0.0464797,0.463905,-3.5498,0.0178741,0,0,0,0
1153,385,1.155,0.043076,0.470292,-3.56266,0.0238529,0,0,0,0
1154,385,1.155,0.0405463,0.474055,-3.57903,0.0271241,0,0,0,0
1155,385,1.155,0.038092,0.477212,-3.59378,0.028855,0,0,0,0
1156,386,1.158,0.0366197,0.480509,-3.60431,0.0266852,0,0,0,0
1157,386,1.158,0.0345171,0.482893,-3.61938,0.026341,0,0,0,0
1158,386,1.158,0.0323715,0.484901,-3.63309,0.0263389,0,0,0,0
1159,387,1.161,0.027675,0.489732,-3.63798,0.0237322,0,0,0,0
1160,387,1.161,0.0248227,0.494477,-3.65176,0.0230298,0,0,0,0
1161,387,1.161,0.0221707,0.498269,-3.66449,0.0228868,0,0,0,0
1162,388,1.164,0.0167366,0.493644,-3.66912,0.0319317,0,0,0,0
1163,388,1.164,0.0111815,0.492789,-3.681,0.0372149,0,0,0,0
1164,388,1.164,0.00642958,0.492319,-3.69215,0.0399757,0,0,0,0
1165,389,1.167,0.00257072,0.490075,-3.69264,0.0354119,0,0,0,0
1166,389,1.167,-0.0017735,0.489432,-3.7028,0.0331446,0,0,0,0
1167,389,1.167,-0.00568622,0.489009,-3.71249,0.0321276,0,0,0,0
1168,390,1.17,-0.0154955,0.487805,-3.70548,0.0313941,0,0,0,0
1169,390,1.17,-0.0214912,0.489446,-3.71388,0.031696,0,0,0,0
1170,390,1.17,-0.0265351,0.490759,-3.72205,0.0319179,0,0,0,0
1171,391,1.173,-0.0311938,0.491177,-3.71514,0.0348351,0,0,0,0
1172,391,1.173,-0.0357092,0.491767,-3.72347,0.036871,0,0,0,0
1173,391,1.173,-0.0397286,0.492176,-3.73148,0.0378805,0,0,0,0
1174,392,1.176,-0.0478956,0.490696,-3.71494,0.0372645,0,0,0,0
1175,392,1.176,-0.053587,0.488773,-3.71901,0.0372627,0,0,0,0
1176,392,1.176,-0.0584068,0.487266,-3.72385,0.0371795,0,0,0,0
1177,393,1.179,-0.0578614,0.479867,-3.70083,0.0403311,0,0,0,0
1178,393,1.179,-0.060548,0.477625,-3.70617,0.0416619,0,0,0,0
1179,393,1.179,-0.0632217,0.475794,-3.71154,0.0419335,0,0,0,0
1180,394,1.182,-0.0657379,0.479117,-3.67234,0.0350326,0,0,0,0
1181,394,1.182,-0.06888,0.477399,-3.6706,0.0315432,0,0,0,0
1182,394,1.182,-0.0717059,0.475844,-3.67028,0.0296343,0,0,0,0
1183,395,1.185,-0.0764736,0.473154,-3.59273,0.0343848,0,0,0,0
1184,395,1.185,-0.080092,0.470219,-3.5824,0.036874,0,0,0,0
1185,395,1.185,-0.0831222,0.467786,-3.57589,0.0379069,0,0,0,0
1186,396,1.188,-0.0803117,0.448296,-3.45699,0.0443376,0,0,0,0
1187,396,1.188,-0.0811381,0.444184,-3.43883,0.0473201,0,0,0,0
1188,396,1.188,-0.0818812,0.440787,-3.4267,0.0481087,0,0,0,0
1189,397,1.191,-0.0722462,0.425702,-3.2423,0.0566451,0,0,0,0
1190,397,1.191,-0.0736143,0.421266,-3.22117,0.058189,0,0,0,0
1191,397,1.191,-0.0748893,0.41787,-3.20621,0.0574372,0,0,0,0
1192,398,1.194,-0.0804039,0.398323,-3.03925,0.0382444,0,0,0,0
1193,398,1.194,-0.0825802,0.39072,-3.01516,0.0267978,0,0,0,0
1194,398,1.194,-0.0843747,0.38458,-2.99625,0.0195547,0,0,0,0
1195,399,1.197,-0.0771122,0.357053,-2.71291,0.0135483,0,0,0,0
1196,399,1.197,-0.0787183,0.344684,-2.66892,0.0085887,0,0,0,0
1197,399,1.197,-0.0799362,0.335075,-2.63457,0.00485428,0,0,0,0
1198,400,1.2,-0.0770327,0.162748,-1.44932,0.00448716,0,0,0,0
1199,400,1.2,-0.0789812,0.15357,-1.39541,-0.00165829,0,0,0,0
1200,400,1.2,-0.0801133,0.146063,-1.36055,-0.00638974,0,0,0,0
